-- --------------------------------------------------------
-- Host:                         127.0.0.1
-- Server version:               8.4.3 - MySQL Community Server - GPL
-- Server OS:                    Win64
-- HeidiSQL Version:             12.8.0.6908
-- --------------------------------------------------------

/*!40101 SET @OLD_CHARACTER_SET_CLIENT=@@CHARACTER_SET_CLIENT */;
/*!40101 SET NAMES utf8 */;
/*!50503 SET NAMES utf8mb4 */;
/*!40103 SET @OLD_TIME_ZONE=@@TIME_ZONE */;
/*!40103 SET TIME_ZONE='+00:00' */;
/*!40014 SET @OLD_FOREIGN_KEY_CHECKS=@@FOREIGN_KEY_CHECKS, FOREIGN_KEY_CHECKS=0 */;
/*!40101 SET @OLD_SQL_MODE=@@SQL_MODE, SQL_MODE='NO_AUTO_VALUE_ON_ZERO' */;
/*!40111 SET @OLD_SQL_NOTES=@@SQL_NOTES, SQL_NOTES=0 */;
SET FOREIGN_KEY_CHECKS=0;

-- Dumping data for table smkn2_wali.guru_wali: ~52 rows (approximately)
INSERT INTO `guru_wali` (`id`, `nama`, `kelas`, `created_at`) VALUES
	(1, 'H. SULAIMAN EFFINDI, S.Ag', 'XII TSM B', '2026-04-15 09:52:46'),
	(2, 'EDWARD EKA SANJAYA, S.T', 'XII TKR C', '2026-04-15 09:52:46'),
	(3, 'GALANG SAYFUL ISLAM, S.Pd', 'X BR', '2026-04-15 09:52:46'),
	(4, 'SOBAR RAMADHANI, S.Pd', 'XII TKJ', '2026-04-15 09:52:46'),
	(5, 'ARIF FAISAL, S.E, MM', 'XI TKR B', '2026-04-15 09:52:46'),
	(6, 'MARIA ULFAH, S.Pd', 'XI TAB', '2026-04-15 09:52:46'),
	(7, 'RENNA ASPIARNA, S.Pd', 'X TKR B', '2026-04-15 09:52:46'),
	(8, 'DEWI SRI SHINTA, S.Kom', 'X TKJ', '2026-04-15 09:52:46'),
	(9, 'MUHAMMAD KHALILURRAHMAN, S.Pd', 'XI TAB', '2026-04-15 09:52:46'),
	(10, 'GT. DEWI  SRI AYU L, S.ST', 'X TITL B', '2026-04-15 09:52:46'),
	(11, 'YULIA ARMAH, S. Kom', 'XI DKV', '2026-04-15 09:52:46'),
	(12, 'SYAHRUDIN, S.Pd', 'XII TSM B', '2026-04-15 09:52:46'),
	(13, 'ANDI ANDRIYANI, S.Pd', 'XI TKR B', '2026-04-15 09:52:46'),
	(14, 'ARIF RAHMAN, S.T', 'XI TSM A', '2026-04-15 09:52:46'),
	(15, 'MARDIANSYAH, S.T', 'XI TKR A', '2026-04-15 09:52:46'),
	(16, 'RAHMIATI, S.Ag', 'XI TITL', '2026-04-15 09:52:46'),
	(17, 'SALAMAH, S.Pd', 'X DKV', '2026-04-15 09:52:46'),
	(18, 'RUSMAYANI, S.Pd', 'XI BR', '2026-04-15 09:52:46'),
	(19, 'HERLIANA, S.Pd', 'XI DKV', '2026-04-15 09:52:46'),
	(20, 'MUHAMMAD BASRAN, ST', 'X TKR A', '2026-04-15 09:52:46'),
	(21, 'RHODES. EY, S.Pd', 'XI TKR A', '2026-04-15 09:52:46'),
	(22, 'SYAHRUDIN,S.Pd', 'X BR', '2026-04-15 09:52:46'),
	(23, 'TANTHAWY JAUHARI, S.Pd.I', 'XII DKV B', '2026-04-15 09:52:46'),
	(24, 'KHAIRULAH, ST', 'XII TKR A', '2026-04-15 09:52:46'),
	(25, 'Ir.SUJALI', 'X TSM', '2026-04-15 09:52:46'),
	(26, 'RAKHMAT, S.Pd', 'X TSM', '2026-04-15 09:52:46'),
	(27, 'HERRY SULAIMAN, S.Pd', 'XII TITL', '2026-04-15 09:52:46'),
	(28, 'M. IQBAL FAHRIZI S.Pd', 'XI TSM A', '2026-04-15 09:52:46'),
	(29, 'LUTFI NUR AFFANDI, S.Pd', 'X TSM', '2026-04-15 09:52:46'),
	(30, 'MONA NISA, S.Pd', 'X TKR A', '2026-04-15 09:52:46'),
	(31, 'AYU SEKARINI, S.Pd', 'XII TSM A', '2026-04-15 09:52:46'),
	(32, 'SYAHDANI, S.Pd I', 'XI TKJ', '2026-04-15 09:52:46'),
	(33, 'MUHAMMAD HARIS SA\'DILLAH, ST', 'XI TSM B', '2026-04-15 09:52:46'),
	(34, 'AULIA RAUDHATUL JANNAH, S.Pd', 'X TKJ', '2026-04-15 09:52:46'),
	(35, 'HAIRULLAH, S.Pd', 'X DKV', '2026-04-15 09:52:46'),
	(36, 'ANANG SETYANTO,ST', 'XII TKR B', '2026-04-15 09:52:46'),
	(37, 'MARDIANI, S.Pd', 'X TKR B', '2026-04-15 09:52:46'),
	(38, 'MAULIDI ARISKI, ST', 'X TAB', '2026-04-15 09:52:46'),
	(39, 'YANUAR ROSYADI, S. Kom', 'XI TKJ', '2026-04-15 09:52:46'),
	(40, 'LILI RAHMIYATI, S.Pd', 'X TITL A', '2026-04-15 09:52:46'),
	(41, 'ANNISA SRI RAHAYU, S.Pd', 'XI TSM B', '2026-04-15 09:52:46'),
	(42, 'NORDIANA, S. Kom', 'XII DKV A', '2026-04-15 09:52:46'),
	(43, 'RABIATUL ADAWIYAH, S.Pd', 'XI TAB', '2026-04-15 09:52:46'),
	(44, 'MUHAMMAD RIYADI, S.Kom', 'XII TKJ', '2026-04-15 09:52:46'),
	(45, 'LUQMANA AHMADI, S.Pd', 'XII BR', '2026-04-15 09:52:46'),
	(46, 'HERLINA,S.Pd', 'XI TITL', '2026-04-15 09:52:46'),
	(47, 'ENY WIDYANINGSIH, S.Pd', 'X TAB', '2026-04-15 09:52:46'),
	(48, 'DEDI, S.Pd', 'XII TKR A', '2026-04-15 09:52:46'),
	(49, 'Rezki Mawarni, S.Pd', 'XII DKV A', '2026-04-15 09:52:46'),
	(50, 'M. IQBAL RAFSANJANI, S.Pd', 'XI BR', '2026-04-15 09:52:46'),
	(51, 'MARIANI, ST', 'X TITL A', '2026-04-15 09:52:46'),
	(52, 'Annisa Nur Puji A, S.Sej', 'XII TKR C', '2026-04-15 09:52:46');

-- Dumping data for table smkn2_wali.siswa: ~872 rows (approximately)
INSERT INTO `siswa` (`id`, `nisn`, `nama`, `kelas`, `guru_wali_id`) VALUES
	(1, '0089952398', 'ADI AIDILLAH', 'XII TSM B', 1),
	(2, '0082686485', 'Ahmad Fadil', 'XII TSM B', 1),
	(3, '0086912904', 'AHMAD MAULANA', 'XII TSM B', 1),
	(4, '0075409589', 'Ahmad Ramadhani', 'XII TSM B', 1),
	(5, '0072908048', 'ANDI', 'XII TSM B', 1),
	(6, '0089272812', 'ARLY FAHINDRA', 'XII TSM B', 1),
	(7, '0088108141', 'DWI PRASETYO', 'XII TSM B', 1),
	(8, '0067920388', 'Fajar Dwi Juliyanto', 'XII TSM B', 1),
	(9, '0088043375', 'M. ALDIANOR', 'XII TSM B', 1),
	(10, '0071017450', 'M. Irwansyah', 'XII TSM B', 1),
	(11, '0077573814', 'M. TAUFIQ HIDAYAT', 'XII TSM B', 1),
	(12, '0065296776', 'M.SALIM', 'XII TSM B', 1),
	(13, '0087107521', 'Mira', 'XII TSM B', 1),
	(14, '0084250946', 'Muhammad Akbar', 'XII TSM B', 1),
	(15, '0074238161', 'Muhammad Arsuny', 'XII TSM B', 1),
	(16, '0089716695', 'MUHAMMAD FIKRY', 'XII TSM B', 1),
	(17, '0082124602', 'Muhammad Jaini', 'XII TSM B', 1),
	(18, '0072438781', 'MUHAMMAD NAUFAL', 'XII TSM B', 1),
	(19, '3087489164', 'MUHAMMAD NOOR HUSAIRI', 'XII TSM B', 1),
	(20, '0074857287', 'Muhammad Rajid Jubdi', 'XII TSM B', 1),
	(21, '3084575449', 'AHMAD FAUZI', 'XII TKR C', 2),
	(22, '0084462176', 'AHMAD RAHEL', 'XII TKR C', 2),
	(23, '0083631942', 'Akhmad Khaidir Rasyid', 'XII TKR C', 2),
	(24, '0082569751', 'AKHMAD ROYAN', 'XII TKR C', 2),
	(25, '0075389660', 'Dewi Purnama Ramadani', 'XII TKR C', 2),
	(26, '0064555294', 'FAHRIANSYAH', 'XII TKR C', 2),
	(27, '0084973339', 'Irwan', 'XII TKR C', 2),
	(28, '0089733643', 'M. Ansari Muslim', 'XII TKR C', 2),
	(29, '0087751106', 'M. Dwi Sektioni Kuasa Wibowo', 'XII TKR C', 2),
	(30, '0088705349', 'MAS\'UD RAUF', 'XII TKR C', 2),
	(31, '0104880946', 'AHMAD FAISAL FIRDAUS', 'X BR', 3),
	(32, '0095442682', 'AHMAD RIFA\'I', 'X BR', 3),
	(33, '0107073912', 'ALIFIA', 'X BR', 3),
	(34, '3097518917', 'ANISA', 'X BR', 3),
	(35, '3091753028', 'AULIA RIZKIYAH', 'X BR', 3),
	(36, '0102495918', 'DAHLIYANA', 'X BR', 3),
	(37, '0095147963', 'DHIRA KHOIRYYAH', 'X BR', 3),
	(38, '0091645701', 'HAIRUNNISA', 'X BR', 3),
	(39, '0101204416', 'JAMILAH', 'X BR', 3),
	(40, '3104667168', 'JULIA SYA\'BAN', 'X BR', 3),
	(41, '0108180274', 'KAMELIA', 'X BR', 3),
	(42, '0103074729', 'MARIA RAHIMAH', 'X BR', 3),
	(43, '0104990504', 'MELISA PUTRI', 'X BR', 3),
	(44, '0109661754', 'MIRANTI', 'X BR', 3),
	(45, '3109618489', 'MUHAMMAD HELMI', 'X BR', 3),
	(46, '0096429054', 'Muhammad Jailani', 'X BR', 3),
	(47, '0104961730', 'MUHAMMAD RIDHO', 'X BR', 3),
	(48, '0089010964', 'MUHAMMAD YAMIN', 'X BR', 3),
	(49, '0109923635', 'MUJAHADAH', 'X BR', 3),
	(50, '0106777664', 'MUTIYA', 'X BR', 3),
	(51, '0088844489', 'AHMAD IRWANSYAH', 'XII TKJ', 4),
	(52, '0086645674', 'AMALIA AZIZAH', 'XII TKJ', 4),
	(53, '0089266821', 'AMELIA RAHMAH', 'XII TKJ', 4),
	(54, '0081404921', 'ANANDA', 'XII TKJ', 4),
	(55, '0084386654', 'ANNOR HIKMAH', 'XII TKJ', 4),
	(56, '0085686439', 'AULIA PARAMITA', 'XII TKJ', 4),
	(57, '0073772548', 'CITRA TIARA SAGITA', 'XII TKJ', 4),
	(58, '0077590395', 'DEA AMELIA', 'XII TKJ', 4),
	(59, '0077082050', 'DESSYIKA ANELA NATASYA', 'XII TKJ', 4),
	(60, '0084919466', 'ENDANG', 'XII TKJ', 4),
	(61, '0084899464', 'HALIDA AINI', 'XII TKJ', 4),
	(62, '0089306894', 'HALIMATUSSA\'DIAH', 'XII TKJ', 4),
	(63, '0088469623', 'HELDA', 'XII TKJ', 4),
	(64, '0082444820', 'LALU MUHAMMAD MAKHDAFI ALAWI', 'XII TKJ', 4),
	(65, '0085798671', 'LINA RAHMAWATI', 'XII TKJ', 4),
	(66, '0095504657', 'ADE NUR RIZKY', 'XI TKR B', 5),
	(67, '0086357067', 'ADITYA ABDI PRATAMA', 'XI TKR B', 5),
	(68, '3089900236', 'AHMAD DECKY ABDALLILLAH', 'XI TKR B', 5),
	(69, '0086594293', 'Ahmad Mubarak', 'XI TKR B', 5),
	(70, '0098287764', 'Ahmad Randi', 'XI TKR B', 5),
	(71, '0099173715', 'AHMADI NOOR', 'XI TKR B', 5),
	(72, '0089931112', 'Akhmad Noval', 'XI TKR B', 5),
	(73, '0098602698', 'AKHMAD ZAINI', 'XI TKR B', 5),
	(74, '0093735308', 'Andika Pratama', 'XI TKR B', 5),
	(75, '0082512954', 'ARYA RAMADANI', 'XI TKR B', 5),
	(76, '3084134732', 'DZAKY AHMAD MALIKI', 'XI TKR B', 5),
	(77, '0095129404', 'IQBAL', 'XI TKR B', 5),
	(78, '0095532448', 'FAUZI RAHMAN', 'XI TKR B', 5),
	(79, '3092660365', 'M. BAGUS ADITYA', 'XI TKR B', 5),
	(80, '0091103123', 'M. Nazril', 'XI TKR B', 5),
	(81, '3103008966', 'M.FARIZ RISQULLAH', 'XI TKR B', 5),
	(82, '0094555300', 'Marvin Febrianto', 'XI TKR B', 5),
	(83, '0092521334', 'MUHAMAD SURIANSYAH', 'XI TKR B', 5),
	(84, '3080908189', 'MUHAMMAD YANI', 'XI TAB', 6),
	(85, '3094556627', 'NOOR AMIEN HANAFI', 'XI TAB', 6),
	(86, '0092824938', 'RAFI TAJUDIN NAFIS', 'XI TAB', 6),
	(87, '3095876443', 'RIDHO BADALI', 'XI TAB', 6),
	(88, '0096856481', '𝗬𝗢𝗚𝗔 𝗧𝗥𝗜 𝗔𝗣𝗥𝗜𝗟𝗘𝗢', 'XI TAB', 6),
	(89, '0083439977', 'Zahra Syafitri', 'XI TAB', 6),
	(90, '', 'MUHAMMAD ILHAM', 'XI TAB', 6),
	(91, '0079418688', 'Rizqi Paratama', 'XII TKR B', 6),
	(92, '0083140138', 'Selamat riduan', 'XII TKR B', 6),
	(93, '0071511804', 'Supriyadi', 'XII TKR B', 6),
	(94, '0083939426', 'Tarta Wusatda', 'XII TKR B', 6),
	(95, '3091050775', 'MUHAMMAD ALDY FERDIAN', 'X TKR B', 7),
	(96, '0092010560', 'MUHAMMAD AULIA', 'X TKR B', 7),
	(97, '0106413243', 'MUHAMMAD BILLQIS RADITIYA', 'X TKR B', 7),
	(98, '3101635509', 'MUHAMMAD FAIZ AKBAR', 'X TKR B', 7),
	(99, '0095117254', 'MUHAMMAD FARHAN', 'X TKR B', 7),
	(100, '0106396492', 'MUHAMMAD FITRI RAMADAN', 'X TKR B', 7),
	(101, '0102598362', 'MUHAMMAD HADRIYANOR', 'X TKR B', 7),
	(102, '0101450341', 'MUHAMMAD ILHAM', 'X TKR B', 7),
	(103, '0107209608', 'MUHAMMAD NANZAR', 'X TKR B', 7),
	(104, '0072102790', 'MUHAMMAD NORRAHMAN', 'X TKR B', 7),
	(105, '3109335123', 'MUHAMMAD RIDHO RAHIM', 'X TKR B', 7),
	(106, '0093498370', 'MUHAMMAD RISWAHYUDI', 'X TKR B', 7),
	(107, '0092592190', 'MUHAMMAD YAHYA', 'X TKR B', 7),
	(108, '3109953954', 'MUHAMMAD ZUHDI', 'X TKR B', 7),
	(109, '0084377733', 'NURDIAN', 'X TKR B', 7),
	(110, '0106847445', 'REFHAN ARSYA FADILLAH', 'X TKR B', 7),
	(111, '0107660204', 'RIZKY ANANTA', 'X TKR B', 7),
	(112, '0097339708', 'SAMSUL HILAL', 'X TKR B', 7),
	(113, '0101512615', 'SRIEF HIDAYATULAH', 'X TKR B', 7),
	(114, '3087218333', 'WILDAN', 'X TKR B', 7),
	(115, '0095696602', 'MUHAMMAD RIDHO', 'X TKJ', 8),
	(116, '0102587320', 'MUHAMMAD RIDHO', 'X TKJ', 8),
	(117, '0097416629', 'NAZRIEL AULIA SALIM', 'X TKJ', 8),
	(118, '0103678633', 'NISDA AULIA PUTRI', 'X TKJ', 8),
	(119, '0103488681', 'NOOR AMELIA', 'X TKJ', 8),
	(120, '0103790712', 'NORRISDA ASSYIFA', 'X TKJ', 8),
	(121, '0116901800', 'NUR ASDA WIYAH', 'X TKJ', 8),
	(122, '0105933233', 'NURSYIPA APRILIA', 'X TKJ', 8),
	(123, '0101667137', 'RAHIL AMANDA', 'X TKJ', 8),
	(124, '0099529188', 'RAISA', 'X TKJ', 8),
	(125, '0106517719', 'RIYADHUL ILMI', 'X TKJ', 8),
	(126, '3116525302', 'SAIDATUL KHORIMAH', 'X TKJ', 8),
	(127, '0104941429', 'SARAH', 'X TKJ', 8),
	(128, '3107843973', 'SITI JUAIRIAH', 'X TKJ', 8),
	(129, '0108430218', 'SITI KUMALA', 'X TKJ', 8),
	(130, '0106979824', 'VERA SAVARINA', 'X TKJ', 8),
	(131, '0108138502', 'VINA DARMAYANTI', 'X TKJ', 8),
	(132, '0094501847', 'WIDYA SARI', 'X TKJ', 8),
	(133, '0081032128', 'Adly Kahfi Ramadhan', 'XI TAB', 9),
	(134, '0099666818', 'Ahmad Riadi', 'XI TAB', 9),
	(135, '0085334540', 'Ahmad Saufian', 'XI TAB', 9),
	(136, '0098259212', 'AHMAD SINA', 'XI TAB', 9),
	(137, '0083367312', 'AHMADI', 'XI TAB', 9),
	(138, '0107982836', 'Ainun Ismie', 'XI TAB', 9),
	(139, '3085630603', 'AURA FEBRIANI', 'XI TAB', 9),
	(140, '0096600229', 'Gusti Arifin', 'XI TAB', 9),
	(141, '0085727036', 'Hairur Raji', 'XI TAB', 9),
	(142, '0073121132', 'Ibnu Rama Syabirin', 'XI TAB', 9),
	(143, '0075783579', 'Ibrahim', 'XI TAB', 9),
	(144, '3093880451', 'Isro Mustafa', 'XI TAB', 9),
	(145, '0094242217', 'Jesmita Amelia Putri', 'XI TAB', 9),
	(146, '0097190970', 'Karisa Soraya', 'XI TAB', 9),
	(147, '0094827173', 'LUCKY RAMADHANI', 'XI TAB', 9),
	(148, '0097446280', 'M. ARDHIANNUR', 'XI TAB', 9),
	(149, '0095106661', 'M. ALFIYANUR', 'XI TAB', 9),
	(150, '0098357739', 'M.GOZALI RAHMAN', 'XI TAB', 9),
	(151, '0101299261', 'AHMAD FAZRI', 'X TITL B', 10),
	(152, '0092590274', 'AHMAD REZQI', 'X TITL B', 10),
	(153, '0092683664', 'AHMAT IRPANI', 'X TITL B', 10),
	(154, '3087204294', 'AKHMAD ZAKI', 'X TITL B', 10),
	(155, '0101262409', 'DEO ANGGARA', 'X TITL B', 10),
	(156, '0106686766', 'GILANG HERMAWAN', 'X TITL B', 10),
	(157, '0093165290', 'JUANDANA SAPUTRA', 'X TITL B', 10),
	(158, '0094460329', 'M. ANDRE SETIAWAN', 'X TITL B', 10),
	(159, '0109385633', 'M. SANDY KURNIAWAN', 'X TITL B', 10),
	(160, '0095197294', 'MAULIDA NOOR', 'X TITL B', 10),
	(161, '0098290607', 'MUHAMMAD EFENDY ALIF KURNIA', 'X TITL B', 10),
	(162, '3095614299', 'MUHAMMAD FAIZ', 'X TITL B', 10),
	(163, '0105773093', 'MUHAMMAD FAUZAN', 'X TITL B', 10),
	(164, '0106030586', 'MUHAMMAD HAFIQ IKHWAN', 'X TITL B', 10),
	(165, '0092448101', 'MUHAMMAD IHSAN', 'X TITL B', 10),
	(166, '0091830389', 'MUHAMMAD IQBAL', 'X TITL B', 10),
	(167, '3103122644', 'MUHAMMAD MAULANA', 'X TITL B', 10),
	(168, '0108293749', 'MUHAMMAD RAFA ADITYA', 'X TITL B', 10),
	(169, '0108499680', 'MUHAMMAD RIFKY NAZMI', 'X TITL B', 10),
	(170, '0104004977', 'MUHAMMAD RIZKY SANTOSA', 'X TITL B', 10),
	(171, '0093973668', 'ACINDA JIHAN LUTHFIA', 'XI DKV', 11),
	(172, '0094471409', 'AHMAD DENI', 'XI DKV', 11),
	(173, '3098109427', 'AHMAD HAFIZI', 'XI DKV', 11),
	(174, '0099508156', 'Ahmad Januariyasa', 'XI DKV', 11),
	(175, '0095611867', 'Akbar Khair', 'XI DKV', 11),
	(176, '0098719094', 'Atiatul Muna', 'XI DKV', 11),
	(177, '3096367279', 'ATTIKA RAHMA', 'XI DKV', 11),
	(178, '0078927697', 'AULIA DAMAYANTI', 'XI DKV', 11),
	(179, '0094144736', 'AZKIA PUTRI', 'XI DKV', 11),
	(180, '0087353878', 'Dina Salafi', 'XI DKV', 11),
	(181, '0088322603', 'Elza Azzahra', 'XI DKV', 11),
	(182, '3082271794', 'Ezliana', 'XI DKV', 11),
	(183, '0097501989', 'Israiyah', 'XI DKV', 11),
	(184, '0099156199', 'Muhammad Fadillah', 'XI DKV', 11),
	(185, '0091850515', 'MUSLIMAH', 'XI DKV', 11),
	(186, '0087226321', 'Muzirillah', 'XI DKV', 11),
	(187, '0086228527', 'Nabila', 'XI DKV', 11),
	(188, '0099328440', 'Nabilla', 'XI DKV', 11),
	(189, '0093778927', 'Nadiya Busyro', 'XI DKV', 11),
	(190, '0092242060', 'NOR HASANAH', 'XI DKV', 11),
	(191, '0083324046', 'MUHAMMAD SAUFI', 'XII TSM B', 12),
	(192, '0083215431', 'NASRULLAH', 'XII TSM B', 12),
	(193, '0079519492', 'Rahmad', 'XII TSM B', 12),
	(194, '0099683013', 'REHAN AULIA', 'XII TSM B', 12),
	(195, '0088865107', 'Rizky', 'XII TSM B', 12),
	(196, '0076281072', 'Sarkani', 'XII TSM B', 12),
	(197, '0078639252', 'Syahidul Umam', 'XII TSM B', 12),
	(198, '0078308372', 'YUDI MUHAMMAD FIRMANSYAH', 'XII TSM B', 12),
	(199, '0091348534', 'Muhammad Andi', 'XI TKR B', 13),
	(200, '0093420589', 'Muhammad Bayu Samudra', 'XI TKR B', 13),
	(201, '0084566093', 'Muhammad Ikhsan', 'XI TKR B', 13),
	(202, '0087531860', 'Muhammad Jabar', 'XI TKR B', 13),
	(203, '0098694576', 'Muhammad Noor Azhar', 'XI TKR B', 13),
	(204, '0099052879', 'Muhammad Nur Hadiyanta', 'XI TKR B', 13),
	(205, '0089130905', 'Muhammad Padillah', 'XI TKR B', 13),
	(206, '3082210478', 'MUHAMMAD REHAN', 'XI TKR B', 13),
	(207, '0094170936', 'Muhammad Rifki', 'XI TKR B', 13),
	(208, '0085508311', 'MUHAMMAD RIZKI', 'XI TKR B', 13),
	(209, '3090986199', 'MUHAMMAD SYAUGI', 'XI TKR B', 13),
	(210, '0096905290', 'Nafarin Rahman', 'XI TKR B', 13),
	(211, '0092914270', 'Nurul Hidayah', 'XI TKR B', 13),
	(212, '0082047433', 'Rahimah', 'XI TKR B', 13),
	(213, '0082999084', 'Rizky Maulana', 'XI TKR B', 13),
	(214, '0091683568', 'Rusmiati', 'XI TKR B', 13),
	(215, '0083050046', 'Surgi Muamar', 'XI TKR B', 13),
	(216, '3084733135', 'ZULKIFLI', 'XI TKR B', 13),
	(217, '0093354826', 'AHFAN MAULANA', 'XI TSM A', 14),
	(218, '0084649309', 'AHMAD ANDIKA', 'XI TSM A', 14),
	(219, '0098819565', 'AHMAD RIZKY RIDHONI', 'XI TSM A', 14),
	(220, '0099509331', 'AHMAD ZAKI MUHTARAM', 'XI TSM A', 14),
	(221, '0098499396', 'AKHMAD ARYA NURULLOH', 'XI TSM A', 14),
	(222, '0072312153', 'AKHMAD TIJANI', 'XI TSM A', 14),
	(223, '92165192', 'ALFAN FADILAH', 'XI TSM A', 14),
	(224, '0091583602', 'ARIF ZAMZAMI', 'XI TSM A', 14),
	(225, '0092878319', 'FACHRI PRATAMA PUTRA', 'XI TSM A', 14),
	(226, '0095900381', 'IBRAHIM', 'XI TSM A', 14),
	(227, '0088876086', 'JUMADIL', 'XI TSM A', 14),
	(228, '0091105375', 'M.RIFQAN', 'XI TSM A', 14),
	(229, '0082342556', 'M.HAFIZ', 'XI TSM A', 14),
	(230, '0083059364', 'M. RAMADHANI PUTRA', 'XI TSM A', 14),
	(231, '74962662', 'MAULANA HAJRIN', 'XI TSM A', 14),
	(232, '0083866650', 'Muhammad Angga', 'XI TKR A', 15),
	(233, '0086658022', 'MUHAMMAD DAMAR WIJI UTOMO', 'XI TKR A', 15),
	(234, '0094617111', 'MUHAMMAD HAIKI', 'XI TKR A', 15),
	(235, '0095790158', 'MUHAMMAD IKHSANNUL KAMIL', 'XI TKR A', 15),
	(236, '0095912189', 'Muhammad Kevin Asmarani', 'XI TKR A', 15),
	(237, '0092328294', 'MUHAMMAD NOR SHIDDIQ', 'XI TKR A', 15),
	(238, '0088150054', 'Muhammad Raffi Riyadi', 'XI TKR A', 15),
	(239, '0092135355', 'Muhammad Rifa\'i', 'XI TKR A', 15),
	(240, '0093850789', 'Muhammad Rizki', 'XI TKR A', 15),
	(241, '0087412745', 'MUHAMMAD RIZKI', 'XI TKR A', 15),
	(242, '0081718728', 'MUHAMMAD ZAINI', 'XI TKR A', 15),
	(243, '0092928915', 'NOR ACHMADI AQSA', 'XI TKR A', 15),
	(244, '0086219496', 'Putra Miftahul Huda', 'XI TKR A', 15),
	(245, '0083504555', 'RANDY FEBRIAN', 'XI TKR A', 15),
	(246, '0085589586', 'Rizqi Didi Hermawan', 'XI TKR A', 15),
	(247, '0092163720', 'Rizqy Maulana Al Hafiz', 'XI TKR A', 15),
	(248, '0096599687', 'Taupikurahman', 'XI TKR A', 15),
	(249, '0096890677', 'Abdul Wahid', 'XI TITL', 16),
	(250, '0082915252', 'Ahmad Fadhil', 'XI TITL', 16),
	(251, '0094514461', 'Ahmad Fhadillah Ilhami', 'XI TITL', 16),
	(252, '0078507961', 'Ahmad Ibnu Rizal Maulana', 'XI TITL', 16),
	(253, '0099646552', 'AHMAD MAULANA', 'XI TITL', 16),
	(254, '3090195457', 'AHMAD SAFARIZA AKBAR', 'XI TITL', 16),
	(255, '0083381926', 'AHMAD SAIDANA', 'XI TITL', 16),
	(256, '0051733036', 'Ahmad Yunus', 'XI TITL', 16),
	(257, '0096155136', 'Aida', 'XI TITL', 16),
	(258, '3096760208', 'AIDA ALFIAH', 'XI TITL', 16),
	(259, '0081130242', 'Al Zuda Rio Hafidz', 'XI TITL', 16),
	(260, '0097035167', 'ARBASIAH', 'XI TITL', 16),
	(261, '3098756862', 'ASNI ZAINURRIDHO', 'XI TITL', 16),
	(262, '0076259673', 'Dadang Asep Sutisna', 'XI TITL', 16),
	(263, '3086986894', 'DANILA PUTRI', 'XI TITL', 16),
	(264, '0092445360', 'DINA ANNINDA', 'XI TITL', 16),
	(265, '0103526309', 'Ferdi Maulana', 'XI TITL', 16),
	(266, '0086313934', 'Jayrizki Abdi', 'XI TITL', 16),
	(267, '0097408616', 'MUHAMMAD FAHRIZAL', 'X DKV', 17),
	(268, '0098252439', 'MUHAMMAD FARHAN PRATAMA', 'X DKV', 17),
	(269, '0102782510', 'MUHAMMAD HAITAMI', 'X DKV', 17),
	(270, '0101408576', 'MUHAMMAD IRHAMI', 'X DKV', 17),
	(271, '0091592421', 'MUHAMMAD WIJAYA', 'X DKV', 17),
	(272, '0104846878', 'NABILA RAMADHANI', 'X DKV', 17),
	(273, '0116477711', 'NOOR MUTHIA', 'X DKV', 17),
	(274, '0104582757', 'NOR AULIA', 'X DKV', 17),
	(275, '0092975515', 'OKTAVIANA', 'X DKV', 17),
	(276, '0101877911', 'RATIH DIAH SUSANTI', 'X DKV', 17),
	(277, '0094805892', 'RIHIN ARDHI MIMMA\'I SAMMAWAH', 'X DKV', 17),
	(278, '0101029824', 'SITI FATIMAH AYUNINGTIYAS', 'X DKV', 17),
	(279, '0091182438', 'SITI HADIJAH', 'X DKV', 17),
	(280, '3109195561', 'YANUAR RAFA ADI NUGRAHA', 'X DKV', 17),
	(281, '0084325688', 'Rabiatul Adawiyah', 'XI BR', 18),
	(282, '3099054998', 'REZKI AMALIA', 'XI BR', 18),
	(283, '0091800452', 'RINI EKA SAPUTRI', 'XI BR', 18),
	(284, '3079806876', 'RUSMIATI', 'XI BR', 18),
	(285, '0084910661', 'SALSA PUTRI OKTAVIANI', 'XI BR', 18),
	(286, '0082570992', 'SAYDATUNNISA', 'XI BR', 18),
	(287, '3085708983', 'SAYRA', 'XI BR', 18),
	(288, '3099349143', 'SILVIA', 'XI BR', 18),
	(289, '0091406273', 'siti willy yanti', 'XI BR', 18),
	(290, '0095863492', 'Syifa Urrahmah', 'XI BR', 18),
	(291, '3095022361', 'TIARA', 'XI BR', 18),
	(292, '0104193595', 'zahratus syfa', 'XI BR', 18),
	(293, '0081449895', 'Padil', 'XII TITL', 18),
	(294, '0062644195', 'Patrol Halim', 'XII TITL', 18),
	(295, '0081817273', 'Ryhan Ramadhani', 'XII TITL', 18),
	(296, '0083181469', 'Surya Dana', 'XII TITL', 18),
	(297, '0083649351', 'Syarif Hidayat', 'XII TITL', 18),
	(298, '0067839658', 'UMAR', 'XII TITL', 18),
	(299, '0074664519', 'ZAINAL', 'XII TITL', 18),
	(300, '0097361833', 'Nurhaliza', 'XI DKV', 19),
	(301, '3072596268', 'NURUWAHDA BINTI SYAMSUDDIN', 'XI DKV', 19),
	(302, '0108075530', 'PUTRI ELLIYANA', 'XI DKV', 19),
	(303, '0097157499', 'RAHMAH', 'XI DKV', 19),
	(304, '0085213573', 'Ramadhania', 'XI DKV', 19),
	(305, '3097373125', 'Rasha Achmad', 'XI DKV', 19),
	(306, '0093861280', 'REVALINA ESTEANTY', 'XI DKV', 19),
	(307, '3087384792', 'RIZQA MUTYA RAHMAH', 'XI DKV', 19),
	(308, '0087127102', 'Saiful', 'XI DKV', 19),
	(309, '0088711155', 'SIFA PAUZIAH', 'XI DKV', 19),
	(310, '0097943504', 'Silvia Madina', 'XI DKV', 19),
	(311, '0096641862', 'SITI FATIMATU ZAHRA', 'XI DKV', 19),
	(312, '0076136604', 'Muhammad Yunus', 'XII TKR C', 19),
	(313, '3063628280', 'Mukhlis', 'XII TKR C', 19),
	(314, '0076199104', 'Rahmadi', 'XII TKR C', 19),
	(315, '0086215394', 'Reza Aulia Rahman', 'XII TKR C', 19),
	(316, '0076281056', 'Saputra', 'XII TKR C', 19),
	(317, '0084663410', 'SHEILA SEPTIANA DEWI', 'XII TKR C', 19),
	(318, '0089165045', 'SURYADI', 'XII TKR C', 19),
	(319, '0084690758', 'TAUFIQURRAHMAN', 'XII TKR C', 19),
	(320, '0094325346', 'MUHAMMAD DIMAS', 'X TKR A', 20),
	(321, '0098196078', 'MUHAMMAD FAJAR RAFLIANTO', 'X TKR A', 20),
	(322, '0106729779', 'MUHAMMAD FEBRIAN NOOR', 'X TKR A', 20),
	(323, '0097061461', 'MUHAMMAD GILANG RAHMADAN', 'X TKR A', 20),
	(324, '0092297427', 'MUHAMMAD HAIKAL RAMADHANI', 'X TKR A', 20),
	(325, '0108852121', 'MUHAMMAD IRSAD', 'X TKR A', 20),
	(326, '0101146461', 'MUHAMMAD NAZRIL', 'X TKR A', 20),
	(327, '0101030383', 'MUHAMMAD RAMADAN', 'X TKR A', 20),
	(328, '0108086580', 'MUHAMMAD RIDWAN', 'X TKR A', 20),
	(329, '0108223780', 'MUHAMMAD WAHYUGI', 'X TKR A', 20),
	(330, '0094037432', 'MUHAMMAD ZAINI', 'X TKR A', 20),
	(331, '0096574185', 'NORMAKIAH', 'X TKR A', 20),
	(332, '0091215431', 'RAFFI AHMAD', 'X TKR A', 20),
	(333, '0098534565', 'RIZKI DWI AJI SAPUTRA', 'X TKR A', 20),
	(334, '3107118351', 'SAFWANI HARIS', 'X TKR A', 20),
	(335, '0106123313', 'SLAMET TRYONO', 'X TKR A', 20),
	(336, '0108593917', 'TAMZIDDIN', 'X TKR A', 20),
	(337, '0095009789', 'YOHANES PEMBAPTIS WANDRA', 'X TKR A', 20),
	(338, '0085028091', 'A.ZAIRULLAH', 'XI TKR A', 21),
	(339, '0086515129', 'ADITIA RAHMAN', 'XI TKR A', 21),
	(340, '0091449003', 'Ahmad Hairan', 'XI TKR A', 21),
	(341, '0091826756', 'AHMAD RAMADHAN', 'XI TKR A', 21),
	(342, '3096112186', 'AHMAD ZAINI USMAN', 'XI TKR A', 21),
	(343, '0099700872', 'AKHMAD AJI', 'XI TKR A', 21),
	(344, '0095726094', 'AKHMAD REZA GIFARI', 'XI TKR A', 21),
	(345, '0097180637', 'ALDO CHANDRA PRAYOGA', 'XI TKR A', 21),
	(346, '0084950549', 'Apri Surya Santoso', 'XI TKR A', 21),
	(347, '0086169248', 'Asqalani', 'XI TKR A', 21),
	(348, '0081044840', 'FAHMI', 'XI TKR A', 21),
	(349, '0081693759', 'INDRA MAULANA', 'XI TKR A', 21),
	(350, '0087540728', 'Jani Asbulah', 'XI TKR A', 21),
	(351, '0092239804', 'M. Nazarrulah', 'XI TKR A', 21),
	(352, '0098242743', 'M. Raffi', 'XI TKR A', 21),
	(353, '0095383576', 'M.Fitrianoor', 'XI TKR A', 21),
	(354, '0072763506', 'Muhamad Rizki', 'XI TKR A', 21),
	(355, '0095760859', 'Muhammad Amin', 'XI TKR A', 21),
	(356, '0097061224', 'NANDA AMELIA', 'X BR', 22),
	(357, '3097124055', 'NAZWA ADILIA', 'X BR', 22),
	(358, '0104163879', 'NORLAILASARI', 'X BR', 22),
	(359, '0107001117', 'NUR ALISYA PRAS SURYA', 'X BR', 22),
	(360, '0102245802', 'NURI MAULIDA', 'X BR', 22),
	(361, '0094037068', 'RAFIKAH', 'X BR', 22),
	(362, '0107308109', 'SALMA', 'X BR', 22),
	(363, '0107494022', 'SANTI DEA AMELIYA', 'X BR', 22),
	(364, '0061211502', 'SAPNI', 'X BR', 22),
	(365, '0106423547', 'SHELA SAPITRI', 'X BR', 22),
	(366, '0095306597', 'SITI RADIYATUL JAN\'NAH', 'X BR', 22),
	(367, '0102787449', 'TALITA PUTRI', 'X BR', 22),
	(368, '0082830996', 'Ahmad Jajuli', 'XII DKV B', 23),
	(369, '0087047824', 'Ahmad Ryan', 'XII DKV B', 23),
	(370, '0085420406', 'AULIA RAHMAH', 'XII DKV B', 23),
	(371, '0088490116', 'Dede Triami Putri', 'XII DKV B', 23),
	(372, '0085463711', 'Eka Qeyla Agustina', 'XII DKV B', 23),
	(373, '0081660081', 'Eka Ria Ramadani', 'XII DKV B', 23),
	(374, '0086738933', 'Fina', 'XII DKV B', 23),
	(375, '0084211376', 'Indah Afrianti', 'XII DKV B', 23),
	(376, '0074532822', 'Juwita', 'XII DKV B', 23),
	(377, '3085416945', 'M. RAYHAN FIRDAUS', 'XII DKV B', 23),
	(378, '3056313192', 'M. Syanjaya', 'XII DKV B', 23),
	(379, '0073660878', 'Muhammad Ilham Al Hadi', 'XII DKV B', 23),
	(380, '3072889856', 'Muhammad Rizal', 'XII DKV B', 23),
	(381, '0078294721', 'NAJWA RADIASTI SAFITRI', 'XII DKV B', 23),
	(382, '3077138901', 'Novia Putri', 'XII DKV B', 23),
	(383, '0081470791', 'Nurlaila', 'XII DKV B', 23),
	(384, '0075845427', 'Rahmadina', 'XII DKV B', 23),
	(385, '0082810478', 'Rieka Aulia', 'XII DKV B', 23),
	(386, '0082675838', 'Salma', 'XII DKV B', 23),
	(387, '0084247709', 'WISNU EKA SAPUTRA', 'XII DKV B', 23),
	(388, '0083898814', 'MUHAMMAD ADLY', 'XII TKR A', 24),
	(389, '0079184080', 'Muhammad Bima Desta Setiawan', 'XII TKR A', 24),
	(390, '0071736456', 'MUHAMMAD FAHRIANSYAH', 'XII TKR A', 24),
	(391, '0087014932', 'Muhammad Heri', 'XII TKR A', 24),
	(392, '0071831847', 'MUHAMMAD JAZULI SALEH', 'XII TKR A', 24),
	(393, '3065322579', 'MUHAMMAD MAULANA ROSYADI', 'XII TKR A', 24),
	(394, '0085234576', 'Muhammad Ridha Ansyari', 'XII TKR A', 24),
	(395, '0087920058', 'Muhammad Rizky Ramadani', 'XII TKR A', 24),
	(396, '0086654234', 'Muhammad Zaky', 'XII TKR A', 24),
	(397, '0079825713', 'Nurul', 'XII TKR A', 24),
	(398, '0068454412', 'Raihan', 'XII TKR A', 24),
	(399, '0075335280', 'Rizky Nur Hidayat', 'XII TKR A', 24),
	(400, '0076728490', 'Saukani', 'XII TKR A', 24),
	(401, '0067636130', 'Supiani', 'XII TKR A', 24),
	(402, '0068228991', 'SYAHRAWARDI', 'XII TKR A', 24),
	(403, '0083775220', 'Yudi Yusman', 'XII TKR A', 24),
	(404, '0094219151', 'AHMAD ALPIANOR', 'X TSM', 25),
	(405, '0105423964', 'AHMAD FADILLAH', 'X TSM', 25),
	(406, '0102353373', 'AHMAD FARID SETIAWAN', 'X TSM', 25),
	(407, '3097345477', 'AHMAD HABIBI', 'X TSM', 25),
	(408, '3100741824', 'AHMAD PAUZAN', 'X TSM', 25),
	(409, '0108739476', 'AKHMAD NAFIS', 'X TSM', 25),
	(410, '0094194209', 'ALFIANOR RAHMAT', 'X TSM', 25),
	(411, '3095149741', 'AMAD RIFQI', 'X TSM', 25),
	(412, '0093259494', 'ANDIKA HAFIZ RIDHONI', 'X TSM', 25),
	(413, '0104902209', 'FARID', 'X TSM', 25),
	(414, '0108587943', 'ISWAN HIFZI', 'X TSM', 25),
	(415, '0108620429', 'KHAIRUL HUDA', 'X TSM', 25),
	(416, '3108081806', 'M. FADIL MAULAN', 'X TSM', 25),
	(417, '0097299479', 'M. TAUFIK RAHMAN', 'X TSM', 25),
	(418, '0094482112', 'MAULANA ARFIAN NUR', 'X TSM', 25),
	(419, '0107372547', 'MUHAMMAD HIDAYAT', 'X TSM', 25),
	(420, '0082116317', 'MUHAMMAD IQBAL ALFARIZDI', 'X TSM', 25),
	(421, '0118767946', 'MUHAMMAD JEFRI', 'X TSM', 25),
	(422, '0098025482', 'MUHAMMAD KIFLI', 'X TSM', 26),
	(423, '3109447745', 'MUHAMMAD NABIL SAPUTRA', 'X TSM', 26),
	(424, '0095458128', 'MUHAMMAD RADITYA', 'X TSM', 26),
	(425, '3102472482', 'MUHAMMAD RIZAL', 'X TSM', 26),
	(426, '3100939217', 'MUHAMMAD RIZKI', 'X TSM', 26),
	(427, '0108204079', 'MUHAMMAD WAHYU NOORAYA', 'X TSM', 26),
	(428, '0096024874', 'PRAYOGA SATRIAWAN', 'X TSM', 26),
	(429, '0092436734', 'RAFLI', 'X TSM', 26),
	(430, '0084651465', 'MUHAMMAD NOOR', 'XII TSM A', 26),
	(431, '0083113120', 'Muhammad Pajri', 'XII TSM A', 26),
	(432, '0089617714', 'Muhammad Rizki', 'XII TSM A', 26),
	(433, '0068538162', 'MUHAMMAD SAPUTRA', 'XII TSM A', 26),
	(434, '0081485358', 'MUHAMMAD SYAIFUL BAHRI', 'XII TSM A', 26),
	(435, '0086263084', 'NYOTO WIDIANTORO', 'XII TSM A', 26),
	(436, '0076779376', 'Rahmat Hidayat', 'XII TSM A', 26),
	(437, '0078955762', 'Rizki Cahyadi', 'XII TSM A', 26),
	(438, '3088544414', 'Saifullah', 'XII TSM A', 26),
	(439, '0078416161', 'Sonny Hermawan', 'XII TSM A', 26),
	(440, '0085671137', 'YOGA SAFUTRA', 'XII TSM A', 26),
	(441, '0082088471', 'Ahmad Fadjrianur', 'XII TITL', 27),
	(442, '0089817014', 'Ahmad Hardiannor', 'XII TITL', 27),
	(443, '0077166547', 'Akhmad Nabawi', 'XII TITL', 27),
	(444, '0072450512', 'AMAT SOLEH IBRAHIM', 'XII TITL', 27),
	(445, '0082614332', 'ARYANOOR JAATSIYAH HIDAYATULLAH', 'XII TITL', 27),
	(446, '0076149339', 'EDDY SEPTIADI', 'XII TITL', 27),
	(447, '0089547177', 'HADIYANSYAH', 'XII TITL', 27),
	(448, '0085611341', 'M. RIZKY MILAN AKBAR', 'XII TITL', 27),
	(449, '0079989238', 'Mohamad Wisnu Pratama', 'XII TITL', 27),
	(450, '3081371423', 'MUHAMMAD NUZUL RAMADHANA', 'XII TITL', 27),
	(451, '0076596751', 'Muhammad Abdussyakur', 'XII TITL', 27),
	(452, '0081472251', 'Muhammad Arsyad', 'XII TITL', 27),
	(453, '0083795839', 'Muhammad Firman Ariadi', 'XII TITL', 27),
	(454, '0085690630', 'MUHAMMAD HIDAYAT AKBAR', 'XII TITL', 27),
	(455, '0088827146', 'Muhammad Rahlil Ibrahim', 'XII TITL', 27),
	(456, '0082216265', 'Muhammad Rifa', 'XII TITL', 27),
	(457, '0088424167', 'Muhammad Riza', 'XII TITL', 27),
	(458, '0081965470', 'Muhammad Rizal', 'XII TITL', 27),
	(459, '0079702121', 'Noor Ahmad Aldi', 'XII TITL', 27),
	(460, '0074753320', 'NOOR SUCI AMALIA', 'XII TITL', 27),
	(461, '0071674745', 'MUHAMMAD AGUS SALIM', 'XI TSM A', 28),
	(462, '0091187890', 'MUHAMMAD KAHFI', 'XI TSM A', 28),
	(463, '3093853437', 'MUHAMMAD RAMADHAN', 'XI TSM A', 28),
	(464, '0092490074', 'MUHAMMAD REZKY APRIADI', 'XI TSM A', 28),
	(465, '3083061005', 'MUHAMMAD RIFQI', 'XI TSM A', 28),
	(466, '3097093046', 'MUHAMMAD RIZKY', 'XI TSM A', 28),
	(467, '0097681441', 'MUHAMMAD SAIDAN', 'XI TSM A', 28),
	(468, '81687195', 'MUHAMMAD TAUFIK ANSARI', 'XI TSM A', 28),
	(469, '0095273355', 'MUHAMMAD ZIDHAN ADITYA', 'XI TSM A', 28),
	(470, '0082232376', 'NAJEB MUHAMMAD', 'XI TSM A', 28),
	(471, '82063973', 'PADILLAH', 'XI TSM A', 28),
	(472, '3087551761', 'RAMADANI', 'XI TSM A', 28),
	(473, '0095450362', 'RIZKY ZAENI PRASTYO', 'XI TSM A', 28),
	(474, '0072895565', 'TIO SAPUTRA', 'XI TSM A', 28),
	(475, '91284636', 'FATIH TOHIR ANSHORI', 'XI TSM A', 28),
	(476, '0085982007', 'RAMADHANI', 'X TSM', 29),
	(477, '0102754778', 'ROBBY MAULANA', 'X TSM', 29),
	(478, '0106130851', 'SIGIT MAULANA', 'X TSM', 29),
	(479, '0103995016', 'SITI NURHAYATUL MASRUROH', 'X TSM', 29),
	(480, '0047777244', 'SURIYADI', 'X TSM', 29),
	(481, '0103295775', 'TAUFANIE RAMADHAN', 'X TSM', 29),
	(482, '0102906081', 'ZAINAL ARIFIN', 'X TSM', 29),
	(483, '0087630153', 'ABEL SIMON', 'X TKR A', 30),
	(484, '0096343137', 'AHMAD AZRIL', 'X TKR A', 30),
	(485, '3096810503', 'AHMAD GAFURI', 'X TKR A', 30),
	(486, '0104496771', 'AHMAD NURCHOLIS', 'X TKR A', 30),
	(487, '0093556558', 'AHMAD SAMADI', 'X TKR A', 30),
	(488, '3109960400', 'AKHMAD RAMADANA', 'X TKR A', 30),
	(489, '0097991724', 'AKHMAD RAMADHANI SYAIFUL LATHIF', 'X TKR A', 30),
	(490, '0083494255', 'ARAFARIZAL', 'X TKR A', 30),
	(491, '3099161832', 'CRISTIAN BUNGA\'PATULAK', 'X TKR A', 30),
	(492, '0093696112', 'DIKY ALVIANO RAMADHANI', 'X TKR A', 30),
	(493, '0074920985', 'FAHRI RAMADHAN', 'X TKR A', 30),
	(494, '0094856310', 'HASBY NURHIDAYAT', 'X TKR A', 30),
	(495, '0092706330', 'Khairullah', 'X TKR A', 30),
	(496, '0092073733', 'LOKA LUTER RANDA', 'X TKR A', 30),
	(497, '0105424844', 'M.FAUZI', 'X TKR A', 30),
	(498, '0105794812', 'MEYDA', 'X TKR A', 30),
	(499, '0084100141', 'MUHAMMAD A\'AS RAMADANI', 'X TKR A', 30),
	(500, '3106552623', 'MUHAMMAD BAIM', 'X TKR A', 30),
	(501, '0087174664', 'Abdul Hadi', 'XII TSM A', 31),
	(502, '0084822905', 'AGUNG EKA SAPUTRA', 'XII TSM A', 31),
	(503, '0075277767', 'AHMAD HABSY', 'XII TSM A', 31),
	(504, '0082043429', 'AHMAD MULIA', 'XII TSM A', 31),
	(505, '0081785840', 'Andika Maulana', 'XII TSM A', 31),
	(506, '0089792307', 'Dimas Ruri', 'XII TSM A', 31),
	(507, '0083057489', 'Fachriansyah', 'XII TSM A', 31),
	(508, '0074750910', 'HARIS', 'XII TSM A', 31),
	(509, '0071391264', 'M. AKBAR PRANATA', 'XII TSM A', 31),
	(510, '0075038974', 'M. ALDY', 'XII TSM A', 31),
	(511, '0088180208', 'M. Pahri', 'XII TSM A', 31),
	(512, '0082568988', 'M. Sayuti', 'XII TSM A', 31),
	(513, '0072090967', 'MAHENDRA DWI PRASTYO', 'XII TSM A', 31),
	(514, '0079685277', 'Muhamad Ridwan', 'XII TSM A', 31),
	(515, '0078529830', 'Muhammad Alvin', 'XII TSM A', 31),
	(516, '0068709786', 'Muhammad Asmuni', 'XII TSM A', 31),
	(517, '3062735116', 'MUHAMMAD DICKY', 'XII TSM A', 31),
	(518, '0074804734', 'MUHAMMAD HALILUDIN', 'XII TSM A', 31),
	(519, '0075270924', 'Muhammad Nasuha', 'XII TSM A', 31),
	(520, '0098558294', 'Muliyana', 'XI TKJ', 32),
	(521, '0092180772', 'NANDA FITRIYANI', 'XI TKJ', 32),
	(522, '0082467495', 'NOOR JIHAN', 'XI TKJ', 32),
	(523, '3095804376', 'NOOR KHALISAH', 'XI TKJ', 32),
	(524, '0095994111', 'Novita', 'XI TKJ', 32),
	(525, '0096303963', 'NUR AULIA', 'XI TKJ', 32),
	(526, '0081660932', 'NURUL HIKMAH', 'XI TKJ', 32),
	(527, '0095664442', 'Raudah', 'XI TKJ', 32),
	(528, '0093301914', 'REZA FAHLEVI', 'XI TKJ', 32),
	(529, '0098159088', 'RIRIN APRIYANTI', 'XI TKJ', 32),
	(530, '0098240439', 'RISKI', 'XI TKJ', 32),
	(531, '0091543461', 'Siti Azwa', 'XI TKJ', 32),
	(532, '0094870062', 'Siti Saskiya Marwati', 'XI TKJ', 32),
	(533, '0061274354', 'ULYA KARIMAH', 'XI TKJ', 32),
	(534, '0098636482', 'YULIANI', 'XI TKJ', 32),
	(535, '0094672472', 'YULVANNY INDRIANI SYALSADILLA', 'XI TKJ', 32),
	(536, '0097308007', 'ZAUZAN DIFA', 'XI TKJ', 32),
	(537, '3082821743', 'AHMAD ANANDA', 'XI TSM B', 33),
	(538, '0084484438', 'AHMAD FAUZAN', 'XI TSM B', 33),
	(539, '0083084964', 'Ahmad Zailani', 'XI TSM B', 33),
	(540, '0081771996', 'AIDIL NUGRAHA', 'XI TSM B', 33),
	(541, '0086871752', 'Akhmad Hidayatullah', 'XI TSM B', 33),
	(542, '0081193770', 'Akhmad Rafi\'i', 'XI TSM B', 33),
	(543, '0075023732', 'Aldy Rossy', 'XI TSM B', 33),
	(544, '0085318554', 'Ananda Agung Susetyo', 'XI TSM B', 33),
	(545, '0097361944', 'BUDI ANSYAH', 'XI TSM B', 33),
	(546, '0089055969', 'Diva Rais Prastyo', 'XI TSM B', 33),
	(547, '0081427263', 'GUSTI ANSHARI SALEH', 'XI TSM B', 33),
	(548, '0092356889', 'Hariani Idris', 'XI TSM B', 33),
	(549, '0086417562', 'Ibni Mailina', 'XI TSM B', 33),
	(550, '0098836733', 'Juhdi Fadli', 'XI TSM B', 33),
	(551, '0091385023', 'Khairul Anwar', 'XI TSM B', 33),
	(552, '0094147196', 'M. Bakri Akbar', 'XI TSM B', 33),
	(553, '0095442590', 'M. Mustapa Kamal', 'XI TSM B', 33),
	(554, '0098030695', 'M.AJAY SAFRIANOOR', 'XI TSM B', 33),
	(555, '0097762637', 'M.Kevin Kurniawan', 'XI TSM B', 33),
	(556, '0086140157', 'Muhammad Bayu Setiawan', 'XI TSM B', 33),
	(557, '0101781873', 'AHMAT RAFII', 'X TKJ', 34),
	(558, '3093970500', 'AURA NADIRA KASIH', 'X TKJ', 34),
	(559, '0098905597', 'CAHYA DELINA PURWANINGSIH', 'X TKJ', 34),
	(560, '3102900007', 'DINDA TRIHAP SARI', 'X TKJ', 34),
	(561, '0094958703', 'GALANG SURYA MUKTI', 'X TKJ', 34),
	(562, '3093349934', 'GHINA HATNIPAH', 'X TKJ', 34),
	(563, '0101886111', 'HAYATUN NAFIZAH', 'X TKJ', 34),
	(564, '0102602585', 'HILALIAH', 'X TKJ', 34),
	(565, '0095553829', 'IHSAN NAFARIN', 'X TKJ', 34),
	(566, '0105554856', 'KHAIRIAH', 'X TKJ', 34),
	(567, '0101311642', 'MAHDIYAH', 'X TKJ', 34),
	(568, '0104826422', 'MARIATUL QIBTHIYAH', 'X TKJ', 34),
	(569, '0106652432', 'MUHAMMAD ADLY FARIZI', 'X TKJ', 34),
	(570, '0092830438', 'MUHAMMAD ERFANSYAH', 'X TKJ', 34),
	(571, '0105060910', 'MUHAMMAD HAFUZA RIZKI PRAYATA', 'X TKJ', 34),
	(572, '0103320669', 'MUHAMMAD NAUFAL GIFARI', 'X TKJ', 34),
	(573, '0101323091', 'MUHAMMAD RABIL', 'X TKJ', 34),
	(574, '0092699795', 'ABDI ANOR', 'X DKV', 35),
	(575, '0104240766', 'ABDURAHMAN', 'X DKV', 35),
	(576, '0105723651', 'AHMAD FAQIH', 'X DKV', 35),
	(577, '0082601270', 'AKHMAD MAULANA', 'X DKV', 35),
	(578, '0098870212', 'AMELIA WIDI', 'X DKV', 35),
	(579, '0098898294', 'Aulia Rahma', 'X DKV', 35),
	(580, '0086390677', 'BAIQ DESI RATNASARI', 'X DKV', 35),
	(581, '0105439718', 'Dewi Nor Aini', 'X DKV', 35),
	(582, '0103014019', 'HENI ARIANI', 'X DKV', 35),
	(583, '0105736814', 'JABAL RAHMAH', 'X DKV', 35),
	(584, '3107358831', 'LISKA NOVITA', 'X DKV', 35),
	(585, '0105935946', 'M. EPINDI', 'X DKV', 35),
	(586, '0092531205', 'M. SYAHMINAN', 'X DKV', 35),
	(587, '0108101117', 'MUHAMMAD ADNAN AL KHOTIR', 'X DKV', 35),
	(588, '0083505515', 'ABDURRAHMAN', 'XII TKR B', 36),
	(589, '0084092150', 'Ahmad Badawi', 'XII TKR B', 36),
	(590, '0084954676', 'Ahmad Pauji', 'XII TKR B', 36),
	(591, '0083422968', 'AHMAD WILDAN', 'XII TKR B', 36),
	(592, '0083085143', 'Akhmad Riza', 'XII TKR B', 36),
	(593, '0086570077', 'DENNIS RADITYA', 'XII TKR B', 36),
	(594, '3085662424', 'EGA SAPUTRA PRASETYA', 'XII TKR B', 36),
	(595, '0085857181', 'HABIBI', 'XII TKR B', 36),
	(596, '0078851003', 'IRKY ARMADANI', 'XII TKR B', 36),
	(597, '0071396579', 'M. Alpian', 'XII TKR B', 36),
	(598, '0079095825', 'AHMAD AGUS PRIADI', 'X TKR B', 37),
	(599, '0087577639', 'AHMAD FADIL', 'X TKR B', 37),
	(600, '3100418737', 'AHMAD HANAFI', 'X TKR B', 37),
	(601, '3097271133', 'AHMAD RIDHO', 'X TKR B', 37),
	(602, '0093275242', 'AHMAD ZULKIFLI', 'X TKR B', 37),
	(603, '0098503252', 'AKHMAD RAMADHANA SYAIFUL LUTHFI', 'X TKR B', 37),
	(604, '0092799035', 'ANDI DWI KURNIAWAN', 'X TKR B', 37),
	(605, '3091616803', 'BAHRAIN', 'X TKR B', 37),
	(606, '0108729470', 'DAFFA M.NOOR', 'X TKR B', 37),
	(607, '3107915440', 'DIMAS ADITYA PRATAMA', 'X TKR B', 37),
	(608, '0103643751', 'HASAN', 'X TKR B', 37),
	(609, '0101152781', 'IRMAN', 'X TKR B', 37),
	(610, '0099390624', 'KHOIRUL ANAM', 'X TKR B', 37),
	(611, '0106022995', 'M. AL AYUBI', 'X TKR B', 37),
	(612, '0098056892', 'MUHAMMAD ADLI FAKHRIZAL', 'X TKR B', 37),
	(613, '0106601835', 'MOHAMMAD FATDLI PEKAYA', 'X TAB', 38),
	(614, '3094767912', 'MOSTAFA IBRAHIM', 'X TAB', 38),
	(615, '0091102645', 'MUHAMMAD ADHA', 'X TAB', 38),
	(616, '0105996602', 'MUHAMMAD ASFIA RIDHO', 'X TAB', 38),
	(617, '0106674739', 'MUHAMMAD FIKRI UMARA', 'X TAB', 38),
	(618, '0092522178', 'MUHAMMAD IHSAN', 'X TAB', 38),
	(619, '0079854384', 'MUHAMMAD PRAYOGI', 'X TAB', 38),
	(620, '0109366956', 'MUHAMMAD RIFKY RAMADHANI', 'X TAB', 38),
	(621, '3104838804', 'MUHAMMAD RIZALI HELMI', 'X TAB', 38),
	(622, '0101546644', 'MUHAMMAD SALAM', 'X TAB', 38),
	(623, '0109689614', 'MUHAMMAD WAHDI ASSAURI', 'X TAB', 38),
	(624, '0064574838', 'MUSLIM', 'X TAB', 38),
	(625, '0107222624', 'NASYA ADINDA PUTRI', 'X TAB', 38),
	(626, '3108437639', 'NOOR ALEYA RAHMA', 'X TAB', 38),
	(627, '0108517735', 'PURWANDI', 'X TAB', 38),
	(628, '0091166941', 'RAINA', 'X TAB', 38),
	(629, '0094270886', 'RAMADHAN AKBAR', 'X TAB', 38),
	(630, '0106765643', 'YULINITA', 'X TAB', 38),
	(631, '0104409013', 'ACHMAD RIDHWAN NOOR', 'XI TKJ', 39),
	(632, '0089204497', 'Alfi Herliana', 'XI TKJ', 39),
	(633, '0092245817', 'AMANDA', 'XI TKJ', 39),
	(634, '0097478243', 'Andini Mi\'rajun Nufus', 'XI TKJ', 39),
	(635, '0084313629', 'Aryan Nor', 'XI TKJ', 39),
	(636, '0093702023', 'Helda', 'XI TKJ', 39),
	(637, '3096349388', 'HERLIANI', 'XI TKJ', 39),
	(638, '0081640243', 'Humaira Azkia', 'XI TKJ', 39),
	(639, '3095789652', 'Janeeta Humaira', 'XI TKJ', 39),
	(640, '0085237475', 'Juraida', 'XI TKJ', 39),
	(641, '0082486238', 'Juwita', 'XI TKJ', 39),
	(642, '0094308609', 'M. FATAHILLAH AKMA ATHAYA', 'XI TKJ', 39),
	(643, '0091453897', 'Mahliana', 'XI TKJ', 39),
	(644, '0095072703', 'Mardyah', 'XI TKJ', 39),
	(645, '0099154429', 'Maya Salsabila', 'XI TKJ', 39),
	(646, '0094302479', 'MUHAMMAD', 'XI TKJ', 39),
	(647, '0098007306', 'MUHAMMAD LUTHFI NOOR AQILLAH', 'XI TKJ', 39),
	(648, '3080473010', 'MUHAMMAD RIZA', 'XI TKJ', 39),
	(649, '0108083400', 'ABDUL BASYID', 'X TITL A', 40),
	(650, '0097888752', 'AHMAD NOOR', 'X TITL A', 40),
	(651, '0092500760', 'AHMAD RIZAL BAKRI', 'X TITL A', 40),
	(652, '0096680166', 'AKHMAD RIFA\'I', 'X TITL A', 40),
	(653, '0095975619', 'AL FINO RAHMAD RIYADI', 'X TITL A', 40),
	(654, '0098914250', 'FINO PRATOMO', 'X TITL A', 40),
	(655, '0093328619', 'IKHSAN KAMIL', 'X TITL A', 40),
	(656, '0087221078', 'KHARIZKY MAULANA PASHA', 'X TITL A', 40),
	(657, '0104739547', 'M. IQBAL', 'X TITL A', 40),
	(658, '0099354167', 'M.ALFA JUNAIDI SALEH', 'X TITL A', 40),
	(659, '0093345078', 'MUHAMAD MUSTHOFA BISRI', 'X TITL A', 40),
	(660, '0103217687', 'MUHAMMAD FADILAH', 'X TITL A', 40),
	(661, '0096488010', 'MUHAMMAD FAREL', 'X TITL A', 40),
	(662, '0086758505', 'MUHAMMAD FIRMAN', 'X TITL A', 40),
	(663, '0123358463', 'MUHAMMAD HEPPYANNOR', 'X TITL A', 40),
	(664, '0107415715', 'MUHAMMAD IHSANUL ARIFIN', 'X TITL A', 40),
	(665, '0098251511', 'MUHAMMAD LUPI', 'X TITL A', 40),
	(666, '0102688391', 'MUHAMMAD RADITIA', 'X TITL A', 40),
	(667, '0084867638', 'MUHAMMAD RIDO', 'X TITL A', 40),
	(668, '3102433515', 'MUHAMMAD RIZKY PERDANA', 'X TITL A', 40),
	(669, '0087989991', 'Muhammad Faisal Farid', 'XI TSM B', 41),
	(670, '3087311314', 'MUHAMMAD KHALIS FAISAL', 'XI TSM B', 41),
	(671, '0092598546', 'MUHAMMAD NOR ADITYA', 'XI TSM B', 41),
	(672, '3094079677', 'MUHAMMAD REZKI', 'XI TSM B', 41),
	(673, '0083843997', 'Muhammad Ridhani', 'XI TSM B', 41),
	(674, '0096441261', 'MUHAMMAD RIZKI', 'XI TSM B', 41),
	(675, '0091933798', 'Muhammad Rizky Wijaya', 'XI TSM B', 41),
	(676, '0098144809', 'MUHAMMAD SIDIQ', 'XI TSM B', 41),
	(677, '0095650217', 'Muhammad Wildan', 'XI TSM B', 41),
	(678, '0083628488', 'Nabil Rahmatullah', 'XI TSM B', 41),
	(679, '0073946054', 'NOOR ZALLALURRAHMAN', 'XI TSM B', 41),
	(680, '3098434895', 'Ramadan', 'XI TSM B', 41),
	(681, '0097864497', 'Ridho Rahmad Maulana', 'XI TSM B', 41),
	(682, '0093419902', 'SITI AMINAH', 'XI TSM B', 41),
	(683, '3096716309', 'ZAHRA', 'XI TSM B', 41),
	(684, '0097816700', 'Siti Khadijah Apriani', 'XI DKV', 41),
	(685, '0094015884', 'Syilla Sandra Dewi', 'XI DKV', 41),
	(686, '0098603736', 'Tyas Pujianti', 'XI DKV', 41),
	(687, '3098950083', 'WULAN PURNAMA RAMADANI', 'XI DKV', 41),
	(688, '0083958566', 'AHDA HASNIA', 'XII DKV A', 42),
	(689, '0078258774', 'Ahmad Rafli Akbar', 'XII DKV A', 42),
	(690, '0079947823', 'AULIA FITRIANI', 'XII DKV A', 42),
	(691, '0083503867', 'AZKIA ASSYIFA', 'XII DKV A', 42),
	(692, '0071502975', 'diska armina', 'XII DKV A', 42),
	(693, '3081374232', 'FATIYA NUR ASNAH', 'XII DKV A', 42),
	(694, '0089936524', 'HILDA', 'XII DKV A', 42),
	(695, '0083077177', 'INDRIANTIE ARDEVIE', 'XII DKV A', 42),
	(696, '0074664517', 'Khairun Nisa', 'XII DKV A', 42),
	(697, '0071386675', 'M. Irfan Fadhillah', 'XII DKV A', 42),
	(698, '0083453846', 'Mahda Kartika Sari', 'XII DKV A', 42),
	(699, '0077452793', 'MUHAMMAD RAFLI', 'XII DKV A', 42),
	(700, '0085580464', 'MUHAMMAD SAMMAN', 'XII DKV A', 42),
	(701, '0062303281', 'NADIA SYAFIRA', 'XII DKV A', 42),
	(702, '0084048009', 'Norhamidah', 'XII DKV A', 42),
	(703, '0088665571', 'NUR WIJAYANTI', 'XII DKV A', 42),
	(704, '0088072800', 'RAFFA ANANDITYA SATRIADI PUTRA', 'XII DKV A', 42),
	(705, '0085460165', 'RAIHANAH', 'XII DKV A', 42),
	(706, '0075753426', 'Marwan', 'XI TAB', 43),
	(707, '0082779104', 'Maulana Ananda Ariema Al-Rizky', 'XI TAB', 43),
	(708, '0092728989', 'Muhammad Ardy Saputra', 'XI TAB', 43),
	(709, '007495723ui', 'MUHAMMAD IBADUDDIN', 'XI TAB', 43),
	(710, '3094686134', 'MUHAMMAD JATMIKO PRAPTAMA', 'XI TAB', 43),
	(711, '0091461520', 'MUHAMMAD NAFIS', 'XI TAB', 43),
	(712, '3088392659', 'MUHAMMAD NASYIH', 'XI TAB', 43),
	(713, '0093104521', 'MUHAMMAD RAIHAN', 'XI TAB', 43),
	(714, '0099441644', 'Muhammad Ridho', 'XI TAB', 43),
	(715, '0095785327', 'MUHAMMAD VICTOR RAHMAN', 'XI TAB', 43),
	(716, '0085995939', 'Muhammad Eriekc Setiawan Jodhy Alva\'ed', 'XII TKR B', 43),
	(717, '0074031009', 'MUHAMMAD ILHAM', 'XII TKR B', 43),
	(718, '0086451746', 'Muhammad Khafiz', 'XII TKR B', 43),
	(719, '0088570881', 'MUHAMMAD RASYID', 'XII TKR B', 43),
	(720, '0085136930', 'MUHAMMAD RIDHO SAPUTRA', 'XII TKR B', 43),
	(721, '0086333218', 'MUHAMMAD SYA\'BANA', 'XII TKR B', 43),
	(722, '0086196630', 'PADLY RIZKI RAMADHAN', 'XII TKR B', 43),
	(723, '0082861976', 'Rehan Abdi Pranata', 'XII TKR B', 43),
	(724, '0071407624', 'MARATUNNISA', 'XII TKJ', 44),
	(725, '0087413520', 'MUHAMMAD AZMI DHAIFULLAH', 'XII TKJ', 44),
	(726, '0082570230', 'MUHAMMAD FAIZAL', 'XII TKJ', 44),
	(727, '0085535035', 'MUHAMMAD RIDHO BADALI', 'XII TKJ', 44),
	(728, '0075539827', 'MUHAMMAD ZIKRI MAULANA', 'XII TKJ', 44),
	(729, '0084674656', 'NOVIA FEBRIYANTI', 'XII TKJ', 44),
	(730, '0078297710', 'RAGEL REMINA SARI', 'XII TKJ', 44),
	(731, '0082155235', 'RAISA ERLITA', 'XII TKJ', 44),
	(732, '0082438542', 'Riko Ahmad Zauri. ZR', 'XII TKJ', 44),
	(733, '3080333714', 'RISKA AMELIA', 'XII TKJ', 44),
	(734, '0083498779', 'SASMITA PUTRI RAMADHANI', 'XII TKJ', 44),
	(735, '0094526321', 'SELVY RIDAYENI PUTRI', 'XII TKJ', 44),
	(736, '0089093007', 'Suci', 'XII TKJ', 44),
	(737, '0082011358', 'Talita', 'XII TKJ', 44),
	(738, '0089663150', 'TIARA PARAMITA', 'XII TKJ', 44),
	(739, '0086838579', 'Zas Maya', 'XII TKJ', 44),
	(740, '0057987387', 'Abdurrahman', 'XII BR', 45),
	(741, '0076848549', 'Adinda Cahya Putri', 'XII BR', 45),
	(742, '0089369308', 'Ani Yupirah', 'XII BR', 45),
	(743, '0087757185', 'APRILIANI', 'XII BR', 45),
	(744, '0084691365', 'Dasiya Citra', 'XII BR', 45),
	(745, '0086651633', 'Dina Vanila', 'XII BR', 45),
	(746, '0072102085', 'EKA LESTARI', 'XII BR', 45),
	(747, '0072979417', 'FITRIA', 'XII BR', 45),
	(748, '0076303172', 'Hidayatullah', 'XII BR', 45),
	(749, '0087896923', 'Kartina', 'XII BR', 45),
	(750, '0083900753', 'Kartini', 'XII BR', 45),
	(751, '00-87290142', 'Lana Magfirah', 'XII BR', 45),
	(752, '0087259108', 'NOR HIDAYAH', 'XII BR', 45),
	(753, '0073102842', 'Norhalimah', 'XII BR', 45),
	(754, '0085920330', 'NORHASANAH', 'XII BR', 45),
	(755, '0081255549', 'PARAMITA', 'XII BR', 45),
	(756, '0079899544', 'Sahidah', 'XII BR', 45),
	(757, '0084444118', 'Salwa Nabila', 'XII BR', 45),
	(758, '0083064021', 'Tiara', 'XII BR', 45),
	(759, '3091763735', 'JUWITA', 'XI TITL', 46),
	(760, '3094406737', 'KAMILA HAYATI', 'XI TITL', 46),
	(761, '0097177830', 'Lia Febriana', 'XI TITL', 46),
	(762, '3087167416', 'M. NAZMI', 'XI TITL', 46),
	(763, '3086508995', 'MAULIDAH', 'XI TITL', 46),
	(764, '0094009669', 'MUHAMAD ZAKI', 'XI TITL', 46),
	(765, '0092139229', 'Muhammad Amin', 'XI TITL', 46),
	(766, '0096732092', 'MUHAMMAD FASHA', 'XI TITL', 46),
	(767, '3097581759', 'MUHAMMAD NAZRIL ILHAM', 'XI TITL', 46),
	(768, '0098124312', 'Muhammad Rizqi', 'XI TITL', 46),
	(769, '0083528713', 'Muhammad Syifa Ramadhan', 'XI TITL', 46),
	(770, '0097914440', 'Nor Halipah', 'XI TITL', 46),
	(771, '0089508595', 'Rossa Octavia', 'XI TITL', 46),
	(772, '0094863134', 'SAILITA', 'XI TITL', 46),
	(773, '0098583943', 'Siti Aisyah', 'XI TITL', 46),
	(774, '0066194435', 'SITI LUTPIYA', 'XI TITL', 46),
	(775, '0076790851', 'VINO PRAYOGA', 'XI TITL', 46),
	(776, '0097845831', 'ZAHRA ANANDA VEBRIANTI', 'XI TITL', 46),
	(777, '0108356747', 'ABDURRAHMAN WAHID', 'X TAB', 47),
	(778, '0108341623', 'ABI KHAIR', 'X TAB', 47),
	(779, '0109626231', 'AHMAD NOUVAL', 'X TAB', 47),
	(780, '0095112962', 'AHMAD SAPUTRA', 'X TAB', 47),
	(781, '0105482827', 'ALDI SYAHREZA', 'X TAB', 47),
	(782, '3097080896', 'ALFIANNOR', 'X TAB', 47),
	(783, '0109314155', 'ANANDA NOOR HAFIZAH', 'X TAB', 47),
	(784, '0103447892', 'ARDI WIRANATA', 'X TAB', 47),
	(785, '0097765566', 'ARGA RIZKANDITA', 'X TAB', 47),
	(786, '3103880545', 'AULIA SAFITRI', 'X TAB', 47),
	(787, '0085658185', 'FATIMAH', 'X TAB', 47),
	(788, '0105931559', 'GALANG AIF NABIL', 'X TAB', 47),
	(789, '3099805312', 'HAMIDAN', 'X TAB', 47),
	(790, '0083296606', 'ISHA ANDINA', 'X TAB', 47),
	(791, '0001896005', 'M. AL-AMIN', 'X TAB', 47),
	(792, '0097429380', 'M. FATIH KAHFI', 'X TAB', 47),
	(793, '0103471358', 'M. GAZA RESTU MAULANA', 'X TAB', 47),
	(794, '0071016833', 'A. FIKRI ALI', 'XII TKR A', 48),
	(795, '0065997530', 'ADIT TIYA', 'XII TKR A', 48),
	(796, '0082983719', 'AHMAD HAFI', 'XII TKR A', 48),
	(797, '0082921099', 'AHMAD RAMADHAN', 'XII TKR A', 48),
	(798, '0073981922', 'Akhmad Nurwanda', 'XII TKR A', 48),
	(799, '0084311075', 'ANDIKA SAPUTRA', 'XII TKR A', 48),
	(800, '0075064093', 'DENIUS LUKAS', 'XII TKR A', 48),
	(801, '0073036966', 'DICKY', 'XII TKR A', 48),
	(802, '0064026314', 'Fathurrahman', 'XII TKR A', 48),
	(803, '0089615160', 'IBNUL AMIN', 'XII TKR A', 48),
	(804, '0073007587', 'KHALILURRAHMAN', 'XII TKR A', 48),
	(805, '0077469111', 'M. NOUR RIFKI', 'XII TKR A', 48),
	(806, '0072392507', 'M. Raihan', 'XII TKR A', 48),
	(807, '0085965105', 'M.Shaleh Ramadhan', 'XII TKR A', 48),
	(808, '0073167272', 'MUHAMAD FAUJAN ANANDA', 'XII TKR A', 48),
	(809, '0068589117', 'MUHAMMAD', 'XII TKR A', 48),
	(810, '0082699143', 'SAHRUL MUBARAK', 'XII DKV A', 49),
	(811, '0086284994', 'Silvia', 'XII DKV A', 49),
	(812, '0074123165', 'Syaidatul Luthfi Maulida', 'XII DKV A', 49),
	(813, '0084862805', 'VIOLA LAILA LESTARI', 'XII DKV A', 49),
	(814, '0083642965', 'Ahmad Hafi', 'XI BR', 50),
	(815, '3099646131', 'AIRA ANJANI', 'XI BR', 50),
	(816, '3088991151', 'ANNISA RAHMADANI', 'XI BR', 50),
	(817, '0089067406', 'AULIA', 'XI BR', 50),
	(818, '0076353843', 'ERIKA FITRI', 'XI BR', 50),
	(819, '0093300578', 'Fathul Jannah', 'XI BR', 50),
	(820, '0097003752', 'fatimah ridaya', 'XI BR', 50),
	(821, '0084919251', 'Gusti Ahmad Fahriannoor', 'XI BR', 50),
	(822, '0092844387', 'Halimatus Syadiah', 'XI BR', 50),
	(823, '0082391729', 'Ikram', 'XI BR', 50),
	(824, '0092120624', 'jamillah', 'XI BR', 50),
	(825, '3102577734', 'LIDYA', 'XI BR', 50),
	(826, '0094429396', 'LIDYA PUTRI', 'XI BR', 50),
	(827, '0091159434', 'MARIATUL KIPIYAH', 'XI BR', 50),
	(828, '0088017148', 'Muhammad Fadzri Maulana', 'XI BR', 50),
	(829, '0097758707', 'Muhammad Zainal Fahmi', 'XI BR', 50),
	(830, '0084705655', 'Nadia Rahma', 'XI BR', 50),
	(831, '0095681304', 'NUR ISNAINI SIVA', 'XI BR', 50),
	(832, '0086061155', 'NURHABIBAH WIDIA SAPITRI', 'XI BR', 50),
	(833, '0104734606', 'MUHAMMAD SALIM', 'X TITL A', 51),
	(834, '0099078842', 'MUHAMMAD SURIANSAH', 'X TITL A', 51),
	(835, '0106306536', 'MUHAMMAD ZAIN', 'X TITL A', 51),
	(836, '0108535971', 'MuUHAMMAD IKSAN NUR FADILA', 'X TITL A', 51),
	(837, '0099551807', 'NOVA RIANNOOR', 'X TITL A', 51),
	(838, '0102009301', 'RADITYA BAYU ALFATH', 'X TITL A', 51),
	(839, '0102523640', 'RIDHO FAJAR LISDIANTORO', 'X TITL A', 51),
	(840, '3090082599', 'RIZAL', 'X TITL A', 51),
	(841, '0094243347', 'TEGUH YAMANI', 'X TITL A', 51),
	(842, '0092081769', 'ZAIN RIJANI', 'X TITL A', 51),
	(843, '0096568890', 'MUHAMMAD SENDYKA RADIYANTO', 'X TITL B', 51),
	(844, '0093450861', 'MUHAMMAD SYAFI\'I', 'X TITL B', 51),
	(845, '0105251130', 'MUHAMMAD ZAINI', 'X TITL B', 51),
	(846, '0095653209', 'NOR HALLIDA', 'X TITL B', 51),
	(847, '0108716849', 'Pauzan', 'X TITL B', 51),
	(848, '0101955517', 'RAFI ACHMAD', 'X TITL B', 51),
	(849, '0095716335', 'RISMA', 'X TITL B', 51),
	(850, '0097735341', 'SATRIYA DANANJAYA', 'X TITL B', 51),
	(851, '0097123273', 'WAHYUDI', 'X TITL B', 51),
	(852, '0098700728', 'ZAINI', 'X TITL B', 51),
	(853, '0083799652', 'MUHAMAD RASYID AKBAR', 'XII TKR C', 52),
	(854, '0078281368', 'Muhammad Aditya', 'XII TKR C', 52),
	(855, '0073177863', 'Muhammad Albar', 'XII TKR C', 52),
	(856, '3075267843', 'Muhammad Arsyad', 'XII TKR C', 52),
	(857, '0073032456', 'MUHAMMAD FAHMI', 'XII TKR C', 52),
	(858, '0072611648', 'Muhammad Ilham Desta Setiawan', 'XII TKR C', 52),
	(859, '0078641478', 'MUHAMMAD KHOERUL IKHSAN', 'XII TKR C', 52),
	(860, '0072818892', 'MUHAMMAD RAHEL HIDAYAT', 'XII TKR C', 52),
	(861, '0084717523', 'MUHAMMAD RESKY', 'XII TKR C', 52),
	(862, '0079920517', 'Muhammad Rizki Ashari', 'XII TKR C', 52),
	(863, '0074205578', 'M. FERDY FADILLAH', 'XII TKR B', 52),
	(864, '3085329498', 'M. REZA FIRDAUS', 'XII TKR B', 52),
	(865, '0071749784', 'M. RIZKI PADILLAH', 'XII TKR B', 52),
	(866, '0086694906', 'M.Alfiadi', 'XII TKR B', 52),
	(867, '0088962263', 'Mahendra', 'XII TKR B', 52),
	(868, '0088686254', 'Muhamad Ilham Nugroho', 'XII TKR B', 52),
	(869, '0087933442', 'MUHAMAD NAWIR', 'XII TKR B', 52),
	(870, '0071161175', 'MUHAMMAD ABDUL GHANI', 'XII TKR B', 52),
	(871, '0083241838', 'Muhammad Aditya', 'XII TKR B', 52),
	(872, '96856481', 'YOGA TRI APRILEO', 'XI TAB', 6);
-- Dumping data for table smkn2_wali.pembinaan: ~17 rows (approximately)
INSERT INTO `pembinaan` (`id`, `tanggal`, `guru_wali_id`, `created_at`, `updated_at`) VALUES
	(1, '2026-04-15', 34, '2026-04-15 13:39:18', '2026-04-15 13:39:18'),
	(2, '2026-04-15', 47, '2026-04-15 13:39:18', '2026-04-15 13:39:18'),
	(3, '2026-04-15', 29, '2026-04-15 13:39:18', '2026-04-15 13:39:18'),
	(4, '2026-04-15', 6, '2026-04-15 13:39:18', '2026-04-15 13:39:18'),
	(5, '2026-04-15', 28, '2026-04-15 13:39:18', '2026-04-15 13:39:18'),
	(6, '2026-04-15', 25, '2026-04-15 13:39:18', '2026-04-15 13:39:18'),
	(7, '2026-04-15', 8, '2026-04-15 13:39:18', '2026-04-15 13:39:18'),
	(8, '2026-04-13', 25, '2026-04-15 13:39:18', '2026-04-15 13:39:18'),
	(9, '2026-04-15', 30, '2026-04-15 13:39:18', '2026-04-15 13:39:18'),
	(10, '2026-04-15', 19, '2026-04-15 13:39:18', '2026-04-15 13:39:18'),
	(11, '2026-04-15', 49, '2026-04-15 13:39:18', '2026-04-15 13:39:18'),
	(12, '2026-04-15', 32, '2026-04-15 13:39:18', '2026-04-15 13:39:18'),
	(13, '2026-04-15', 38, '2026-04-15 13:39:18', '2026-04-15 13:39:18'),
	(14, '2026-04-14', 46, '2026-04-15 13:39:18', '2026-04-15 13:39:18'),
	(15, '2026-04-15', 46, '2026-04-15 13:39:18', '2026-04-15 13:39:18'),
	(16, '2026-04-13', 46, '2026-04-15 13:39:18', '2026-04-15 13:39:18'),
	(17, '2026-04-15', 22, '2026-04-15 13:39:18', '2026-04-15 13:39:18');

-- Dumping data for table smkn2_wali.pembinaan_detail: ~263 rows (approximately)
INSERT INTO `pembinaan_detail` (`id`, `pembinaan_id`, `siswa_id`, `absen`, `zuhur`, `ashar`, `mingguan`, `tambahan`) VALUES
	(1, 1, 557, 'T', 'H', 'H', '-', '-'),
	(2, 1, 558, 'T', 'H', 'H', '-', '-'),
	(3, 1, 559, 'T', 'H', 'Haid', '-', '-'),
	(4, 1, 560, 'T', 'H', 'H', '-', '-'),
	(5, 1, 561, 'T', 'H', 'H', '-', '-'),
	(6, 1, 562, 'T', 'H', 'H', '-', '-'),
	(7, 1, 563, 'T', 'H', 'H', '-', '-'),
	(8, 1, 564, 'T', 'H', 'Haid', '-', '-'),
	(9, 1, 565, 'T', 'H', 'H', '-', '-'),
	(10, 1, 566, 'T', 'H', 'H', '-', '-'),
	(11, 1, 567, 'T', 'H', 'Haid', '-', '-'),
	(12, 1, 568, 'T', 'H', 'H', '-', '-'),
	(13, 1, 569, 'T', 'H', 'H', '-', '-'),
	(14, 1, 570, 'T', 'H', 'H', '-', '-'),
	(15, 1, 571, 'T', 'H', 'H', '-', '-'),
	(16, 1, 572, 'T', 'H', 'H', '-', '-'),
	(17, 1, 573, 'T', 'H', 'H', '-', '-'),
	(18, 2, 777, 'T', 'H', 'H', '-', '-'),
	(19, 2, 778, 'T', 'H', 'H', '-', '-'),
	(20, 2, 779, 'T', 'H', 'H', '-', '-'),
	(21, 2, 780, 'T', 'H', 'H', '-', '-'),
	(22, 2, 781, 'T', 'H', 'H', '-', '-'),
	(23, 2, 782, 'T', 'H', 'H', '-', '-'),
	(24, 2, 783, 'T', 'H', 'H', '-', '-'),
	(25, 2, 784, 'T', 'H', 'H', '-', '-'),
	(26, 2, 785, 'T', 'H', 'H', '-', '-'),
	(27, 2, 786, 'T', 'H', 'H', '-', '-'),
	(28, 2, 787, 'T', 'H', 'H', '-', '-'),
	(29, 2, 788, 'T', 'H', 'H', '-', '-'),
	(30, 2, 789, 'T', 'H', 'H', '-', '-'),
	(31, 2, 790, 'T', 'Haid', 'Haid', '-', '-'),
	(32, 2, 791, 'T', 'H', 'H', '-', '-'),
	(33, 2, 792, 'T', 'H', 'H', '-', '-'),
	(34, 2, 793, 'T', 'H', 'H', '-', '-'),
	(35, 3, 476, 'T', 'H', 'H', '-', '-'),
	(36, 3, 477, 'T', 'H', 'H', '-', '-'),
	(37, 3, 478, 'T', 'H', 'H', '-', '-'),
	(38, 3, 479, 'T', 'Haid', 'Haid', '-', '-'),
	(39, 3, 480, 'T', 'H', 'H', '-', '-'),
	(40, 3, 481, 'T', 'H', 'H', '-', '-'),
	(41, 3, 482, 'T', 'H', 'H', '-', '-'),
	(42, 4, 84, 'T', 'H', 'H', '-', '-'),
	(43, 4, 85, 'T', 'H', 'H', '-', '-'),
	(44, 4, 86, 'T', 'H', 'H', '-', '-'),
	(45, 4, 87, 'T', 'H', 'H', '-', '-'),
	(46, 4, 872, 'T', 'H', 'H', '-', '-'),
	(47, 4, 89, 'T', 'H', 'H', '-', '-'),
	(48, 4, 90, 'T', 'H', 'H', '-', '-'),
	(49, 4, 91, 'T', 'H', 'H', '-', '-'),
	(50, 4, 92, 'T', 'H', 'H', '-', '-'),
	(51, 4, 93, 'T', 'H', 'H', '-', '-'),
	(52, 4, 94, 'T', 'H', 'H', '-', '-'),
	(54, 5, 461, 'T', 'H', 'H', '-', '-'),
	(55, 5, 462, 'T', 'H', 'H', '-', '-'),
	(56, 5, 463, 'T', 'H', 'H', '-', '-'),
	(57, 5, 464, 'T', 'H', 'H', '-', '-'),
	(58, 5, 465, 'T', 'H', 'H', '-', '-'),
	(59, 5, 466, 'T', 'H', 'H', '-', '-'),
	(60, 5, 467, 'T', 'H', 'H', '-', '-'),
	(61, 5, 468, 'T', 'H', 'H', '-', '-'),
	(62, 5, 469, 'T', 'H', 'H', '-', '-'),
	(63, 5, 470, 'T', 'H', 'H', '-', '-'),
	(64, 5, 471, 'T', 'H', 'H', '-', '-'),
	(65, 5, 472, 'T', 'H', 'H', '-', '-'),
	(66, 5, 473, 'T', 'H', 'H', '-', '-'),
	(67, 5, 474, 'T', 'H', 'H', '-', '-'),
	(68, 5, 475, 'T', 'H', 'H', '-', '-'),
	(69, 6, 404, 'T', 'H', 'H', '-', '-'),
	(70, 6, 405, 'T', 'H', 'H', '-', '-'),
	(71, 6, 406, 'T', 'H', 'H', '-', '-'),
	(72, 6, 407, 'T', 'H', 'H', '-', '-'),
	(73, 6, 408, 'T', 'H', 'H', '-', '-'),
	(74, 6, 409, 'T', 'H', 'H', '-', '-'),
	(75, 6, 410, 'T', 'H', 'H', '-', '-'),
	(76, 6, 411, 'T', 'H', 'H', '-', '-'),
	(77, 6, 412, 'T', 'H', 'H', '-', '-'),
	(78, 6, 413, 'T', 'H', 'H', '-', '-'),
	(79, 6, 414, 'T', 'H', 'H', '-', '-'),
	(80, 6, 415, 'T', 'H', 'H', '-', '-'),
	(81, 6, 416, 'T', 'H', 'H', '-', '-'),
	(82, 6, 417, 'T', 'H', 'S', '-', '-'),
	(83, 6, 418, 'T', 'H', 'H', '-', '-'),
	(84, 6, 419, 'T', 'H', 'H', '-', '-'),
	(85, 6, 420, 'T', 'H', 'H', '-', '-'),
	(86, 6, 421, 'T', 'H', 'H', '-', '-'),
	(87, 7, 115, 'T', 'H', 'H', '-', '-'),
	(88, 7, 117, 'T', 'H', 'H', '-', '-'),
	(89, 7, 118, 'T', 'H', 'H', '-', '-'),
	(90, 7, 119, 'T', 'H', 'H', '-', '-'),
	(91, 7, 120, 'T', 'H', 'H', '-', '-'),
	(92, 7, 121, 'T', 'H', 'Haid', '-', '-'),
	(93, 7, 122, 'T', 'H', 'H', '-', '-'),
	(94, 7, 123, 'T', 'H', 'H', '-', '-'),
	(95, 7, 124, 'T', 'H', 'Haid', '-', '-'),
	(96, 7, 125, 'T', 'H', 'H', '-', '-'),
	(97, 7, 126, 'T', 'H', 'H', '-', '-'),
	(98, 7, 127, 'T', 'H', 'H', '-', '-'),
	(99, 7, 128, 'T', 'H', 'H', '-', '-'),
	(100, 7, 129, 'T', 'H', 'H', '-', '-'),
	(101, 7, 130, 'T', 'H', 'H', '-', '-'),
	(102, 7, 131, 'T', 'H', 'H', '-', '-'),
	(103, 7, 132, 'T', 'H', 'H', '-', '-'),
	(104, 8, 404, 'T', 'H', 'H', 'H', '-'),
	(105, 8, 405, 'T', 'H', 'H', 'H', '-'),
	(106, 8, 406, 'T', 'H', 'H', 'H', '-'),
	(107, 8, 407, 'T', 'H', 'H', 'H', '-'),
	(108, 8, 408, 'T', 'H', 'H', 'H', '-'),
	(109, 8, 409, 'T', 'H', 'H', 'H', '-'),
	(110, 8, 410, 'T', 'H', 'H', 'H', '-'),
	(111, 8, 411, 'T', 'H', 'H', 'H', '-'),
	(112, 8, 412, 'T', 'H', 'H', 'H', '-'),
	(113, 8, 413, 'T', 'H', 'H', 'H', '-'),
	(114, 8, 414, 'T', 'H', 'H', 'H', '-'),
	(115, 8, 415, 'T', 'H', 'H', 'H', '-'),
	(116, 8, 416, 'T', 'H', 'H', 'H', '-'),
	(117, 8, 417, 'T', 'I', 'H', 'H', '-'),
	(118, 8, 418, 'T', 'H', 'H', 'H', '-'),
	(119, 8, 419, 'T', 'H', 'H', 'H', '-'),
	(120, 8, 420, 'T', 'H', 'H', 'H', '-'),
	(121, 8, 421, 'T', 'H', 'H', 'H', '-'),
	(122, 9, 483, 'A', 'H', 'H', '-', 'H'),
	(123, 9, 484, 'T', 'H', 'H', '-', 'H'),
	(124, 9, 485, 'T', 'H', 'H', '-', 'H'),
	(125, 9, 486, 'T', 'H', 'H', '-', 'H'),
	(126, 9, 487, 'A', 'H', 'H', '-', 'H'),
	(127, 9, 488, 'T', 'H', 'H', '-', 'H'),
	(128, 9, 489, 'T', 'H', 'H', '-', 'H'),
	(129, 9, 490, 'T', 'H', 'H', '-', 'H'),
	(130, 9, 491, 'T', 'H', 'H', '-', 'H'),
	(131, 9, 492, 'T', 'H', 'H', '-', 'H'),
	(132, 9, 493, 'T', 'H', 'H', '-', 'H'),
	(133, 9, 494, 'T', 'H', 'H', '-', 'H'),
	(134, 9, 495, 'T', 'H', 'H', '-', 'H'),
	(135, 9, 496, 'T', 'H', 'H', '-', 'H'),
	(136, 9, 497, 'T', 'H', 'H', '-', 'H'),
	(137, 9, 498, 'T', 'H', 'H', '-', 'I'),
	(138, 9, 499, 'T', 'H', 'H', '-', 'H'),
	(139, 9, 500, 'T', 'H', 'H', '-', 'H'),
	(140, 10, 300, 'T', 'H', 'H', '-', '-'),
	(141, 10, 301, 'T', 'H', 'H', '-', '-'),
	(142, 10, 302, 'T', 'H', 'H', '-', '-'),
	(143, 10, 303, 'T', 'H', 'H', '-', '-'),
	(144, 10, 304, 'T', 'H', 'H', '-', '-'),
	(145, 10, 305, 'T', 'H', 'H', '-', '-'),
	(146, 10, 306, 'T', 'H', 'H', '-', '-'),
	(147, 10, 307, 'T', 'H', 'H', '-', '-'),
	(148, 10, 308, 'T', 'H', 'H', '-', '-'),
	(149, 10, 309, 'T', 'H', 'H', '-', '-'),
	(150, 10, 310, 'T', 'H', 'H', '-', '-'),
	(151, 10, 311, 'T', 'H', 'H', '-', '-'),
	(152, 10, 312, 'T', 'H', 'H', '-', '-'),
	(153, 10, 313, 'T', 'H', 'H', '-', '-'),
	(154, 10, 314, 'T', 'H', 'H', '-', '-'),
	(155, 10, 315, 'T', 'H', 'H', '-', '-'),
	(156, 10, 316, 'T', 'H', 'H', '-', '-'),
	(157, 10, 317, 'T', 'H', 'H', '-', '-'),
	(158, 10, 318, 'T', 'H', 'H', '-', '-'),
	(159, 10, 319, 'T', 'H', 'H', '-', '-'),
	(160, 11, 810, 'T', 'H', 'H', '-', 'H'),
	(161, 11, 811, 'T', 'H', 'H', '-', 'H'),
	(162, 11, 812, 'T', 'H', 'H', '-', 'H'),
	(163, 11, 813, 'T', 'H', 'H', '-', 'H'),
	(164, 12, 520, 'T', 'Haid', 'Haid', '-', '-'),
	(165, 12, 521, 'T', 'H', 'H', '-', '-'),
	(166, 12, 522, 'T', 'H', 'H', '-', '-'),
	(167, 12, 523, 'T', 'H', 'H', '-', '-'),
	(168, 12, 524, 'T', 'H', 'H', '-', '-'),
	(169, 12, 525, 'T', 'H', 'H', '-', '-'),
	(170, 12, 526, 'T', 'H', 'H', '-', '-'),
	(171, 12, 527, 'T', 'H', 'H', '-', '-'),
	(172, 12, 528, 'T', 'H', 'H', '-', '-'),
	(173, 12, 529, 'T', 'H', 'H', '-', '-'),
	(174, 12, 530, 'T', 'Haid', 'Haid', '-', '-'),
	(175, 12, 531, 'T', 'H', 'H', '-', '-'),
	(176, 12, 532, 'T', 'Haid', 'Haid', '-', '-'),
	(177, 12, 533, 'T', 'H', 'H', '-', '-'),
	(178, 12, 534, 'T', 'H', 'H', '-', '-'),
	(179, 12, 535, 'T', 'H', 'H', '-', '-'),
	(180, 12, 536, 'T', 'H', 'H', '-', '-'),
	(181, 13, 613, 'T', 'H', 'H', '-', '-'),
	(182, 13, 614, 'T', 'H', 'H', '-', '-'),
	(183, 13, 615, 'T', 'H', 'H', '-', '-'),
	(184, 13, 616, 'T', 'H', 'H', '-', '-'),
	(185, 13, 617, 'T', 'H', 'H', '-', '-'),
	(186, 13, 618, 'T', 'H', 'H', '-', '-'),
	(187, 13, 619, 'T', 'H', 'H', '-', '-'),
	(188, 13, 620, 'T', 'H', 'H', '-', '-'),
	(189, 13, 621, 'T', 'H', 'H', '-', '-'),
	(190, 13, 622, 'T', 'H', 'H', '-', '-'),
	(191, 13, 623, 'T', 'H', 'H', '-', '-'),
	(192, 13, 624, 'T', 'H', 'H', '-', '-'),
	(193, 13, 625, 'T', 'H', 'H', '-', '-'),
	(194, 13, 626, 'T', 'H', 'H', '-', '-'),
	(195, 13, 627, 'T', 'H', 'H', '-', '-'),
	(196, 13, 628, 'T', 'Haid', 'Haid', '-', '-'),
	(197, 13, 629, 'T', 'H', 'H', '-', '-'),
	(198, 13, 630, 'T', 'S', 'H', '-', '-'),
	(199, 14, 759, 'T', 'H', 'H', 'H', 'H'),
	(200, 14, 760, 'T', 'H', 'H', 'H', 'H'),
	(201, 14, 761, 'T', 'A', 'H', 'H', 'H'),
	(202, 14, 762, 'T', 'H', 'H', 'H', 'H'),
	(203, 14, 763, 'T', 'H', 'H', 'H', 'H'),
	(204, 14, 764, 'T', 'H', 'H', 'H', 'H'),
	(205, 14, 765, 'T', 'H', 'H', 'H', 'H'),
	(206, 14, 766, 'T', 'H', 'H', 'H', 'H'),
	(207, 14, 767, 'T', 'H', 'H', 'H', 'H'),
	(208, 14, 768, 'T', 'H', 'H', 'H', 'H'),
	(209, 14, 769, 'T', 'H', 'H', 'H', 'H'),
	(210, 14, 770, 'T', 'H', 'H', 'H', 'H'),
	(211, 14, 771, 'T', 'H', 'H', 'H', 'H'),
	(212, 14, 772, 'T', 'H', 'H', 'H', 'H'),
	(213, 14, 773, 'T', 'H', 'H', 'H', 'H'),
	(214, 14, 774, 'T', 'H', 'H', 'H', 'H'),
	(215, 14, 775, 'T', 'H', 'H', 'H', 'H'),
	(216, 14, 776, 'T', 'H', 'H', 'H', 'H'),
	(217, 15, 759, 'T', 'H', 'H', '-', 'H'),
	(218, 15, 760, 'T', 'H', 'H', '-', 'H'),
	(219, 15, 761, 'T', 'H', 'H', '-', 'H'),
	(220, 15, 762, 'T', 'H', 'H', '-', 'H'),
	(221, 15, 763, 'T', 'H', 'H', '-', 'H'),
	(222, 15, 764, 'T', 'H', 'H', '-', 'H'),
	(223, 15, 765, 'T', 'H', 'H', '-', 'H'),
	(224, 15, 766, 'T', 'H', 'H', '-', 'H'),
	(225, 15, 767, 'T', 'H', 'H', '-', 'H'),
	(226, 15, 768, 'T', 'H', 'H', '-', 'H'),
	(227, 15, 769, 'T', 'H', 'H', '-', 'H'),
	(228, 15, 770, 'T', 'H', 'H', '-', 'H'),
	(229, 15, 771, 'T', 'H', 'H', '-', 'H'),
	(230, 15, 772, 'T', 'H', 'H', '-', 'H'),
	(231, 15, 773, 'T', 'H', 'H', '-', 'H'),
	(232, 15, 774, 'T', 'H', 'H', '-', 'H'),
	(233, 15, 775, 'T', 'H', 'H', '-', 'H'),
	(234, 15, 776, 'T', 'H', 'H', '-', 'H'),
	(235, 16, 759, 'T', 'H', 'H', 'H', 'H'),
	(236, 16, 760, 'T', 'H', 'H', 'H', 'H'),
	(237, 16, 761, 'T', 'H', 'H', 'H', 'H'),
	(238, 16, 762, 'T', 'A', 'A', 'T', 'H'),
	(239, 16, 763, 'T', 'H', 'H', 'H', 'H'),
	(240, 16, 764, 'T', 'A', 'A', 'T', 'H'),
	(241, 16, 765, 'T', 'H', 'H', 'H', 'H'),
	(242, 16, 766, 'T', 'H', 'H', 'H', 'H'),
	(243, 16, 767, 'T', 'H', 'H', 'H', 'H'),
	(244, 16, 768, 'T', 'H', 'H', 'H', 'H'),
	(245, 16, 769, 'T', 'H', 'H', 'H', 'H'),
	(246, 16, 770, 'T', 'H', 'H', 'H', 'H'),
	(247, 16, 771, 'T', 'H', 'H', 'H', 'H'),
	(248, 16, 772, 'T', 'H', 'H', 'H', 'H'),
	(249, 16, 773, 'T', 'H', 'H', 'H', 'H'),
	(250, 16, 774, 'T', 'H', 'H', 'H', 'H'),
	(251, 16, 775, 'T', 'H', 'H', 'H', 'H'),
	(252, 16, 776, 'T', 'H', 'H', 'H', 'H'),
	(253, 17, 356, 'T', 'H', 'H', '-', '-'),
	(254, 17, 357, 'T', 'H', 'H', '-', '-'),
	(255, 17, 358, 'T', 'H', 'H', '-', '-'),
	(256, 17, 359, 'T', 'Haid', 'Haid', '-', '-'),
	(257, 17, 360, 'T', 'H', 'H', '-', '-'),
	(258, 17, 361, 'T', 'H', 'H', '-', '-'),
	(259, 17, 362, 'T', 'H', 'H', '-', '-'),
	(260, 17, 363, 'T', 'H', 'H', '-', '-'),
	(261, 17, 364, 'T', 'H', 'H', '-', '-'),
	(262, 17, 365, 'T', 'H', 'H', '-', '-'),
	(263, 17, 366, 'T', 'H', 'H', '-', '-'),
	(264, 17, 367, 'T', 'H', 'H', '-', '-');


/*!40103 SET TIME_ZONE=IFNULL(@OLD_TIME_ZONE, 'system') */;
/*!40101 SET SQL_MODE=IFNULL(@OLD_SQL_MODE, '') */;
/*!40014 SET FOREIGN_KEY_CHECKS=IFNULL(@OLD_FOREIGN_KEY_CHECKS, 1) */;
/*!40101 SET CHARACTER_SET_CLIENT=@OLD_CHARACTER_SET_CLIENT */;
/*!40111 SET SQL_NOTES=IFNULL(@OLD_SQL_NOTES, 1) */;
SET FOREIGN_KEY_CHECKS=1;